timestamp,type,content,session_id
2023-01-01 08:00:00,button,"""搜索""",S_5
2023-01-01 08:07:28,button,基于RPA-LFD可视化快速检测肺炎克雷伯菌方法的建立及评价,S_30
2023-01-01 08:17:42,button," ""基因编辑水稻RPA-CRISPR/Cas12b快速检测方法的建立""",S_14
2023-01-01 08:13:57,filed,"""PDF下载""",S_39
2023-01-01 08:25:52,button,CRISPR-Cas检测系统在食品供应链中安全防控的应用研究进展,S_39
2023-01-01 08:12:35,filed,基于CRISPR/Cas12a系统联合重组酶聚合酶扩增的鸭星状病毒2型核酸检测试纸条的制备,S_37
2023-01-01 08:19:24,filed," ""RPA+AI在企业财务领域应用研究及实践""",S_41
2023-01-01 08:18:19,filed,"""检索""",S_37
2023-01-01 08:42:56,button,"""检索""",S_21
2023-01-01 09:12:00,filed,CRISPR-Cas检测系统在食品供应链中安全防控的应用研究进展,S_23
2023-01-01 08:58:40,button,基于RPA-LFD可视化快速检测肺炎克雷伯菌方法的建立及评价,S_3
2023-01-01 08:37:13,filed," ""基因编辑水稻RPA-CRISPR/Cas12b快速检测方法的建立""",S_30
2023-01-01 08:21:24,button,"""检索""",S_16
2023-01-01 09:10:38,filed,"""检索""",S_17
2023-01-01 10:06:00,filed,"""搜索""",S_37
2023-01-01 09:00:15,filed,基于CRISPR/Cas12a系统联合重组酶聚合酶扩增的鸭星状病毒2型核酸检测试纸条的制备,S_4
2023-01-01 08:14:56,button,"""检索""",S_14
2023-01-01 08:56:23,button,CRISPR-Cas检测系统在食品供应链中安全防控的应用研究进展,S_10
2023-01-01 10:58:48,button,基于RPA-LFD可视化快速检测肺炎克雷伯菌方法的建立及评价,S_43
2023-01-01 09:26:08,button,"""PDF下载""",S_27
2023-01-01 09:56:20,button,"""检索""",S_37
2023-01-01 11:06:33,button,热带水产品中溶藻弧菌重组酶聚合酶等温扩增快速检测方法的建立,S_4
2023-01-01 11:35:36,filed," ""基因编辑水稻RPA-CRISPR/Cas12b快速检测方法的建立""",S_5
2023-01-01 10:58:15,filed,基于RPA-LFD可视化快速检测肺炎克雷伯菌方法的建立及评价,S_41
2023-01-01 09:45:36,button,CRISPR-Cas检测系统在食品供应链中安全防控的应用研究进展,S_9
2023-01-01 09:30:50,button,基于CRISPR/Cas12a系统联合重组酶聚合酶扩增的鸭星状病毒2型核酸检测试纸条的制备,S_49
2023-01-01 08:54:36,filed,"""检索""",S_12
2023-01-01 08:53:06,filed,"""搜索""",S_38
2023-01-01 09:54:48,button," ""基因编辑水稻RPA-CRISPR/Cas12b快速检测方法的建立""",S_32
2023-01-01 09:02:21,button,基于RPA-LFD可视化快速检测肺炎克雷伯菌方法的建立及评价,S_50
2023-01-01 08:13:00,filed,基于CRISPR/Cas12a系统联合重组酶聚合酶扩增的鸭星状病毒2型核酸检测试纸条的制备,S_11
2023-01-01 12:48:18,button," ""RPA+AI在企业财务领域应用研究及实践""",S_48
2023-01-01 09:36:00,button,基于RPA-LFD可视化快速检测肺炎克雷伯菌方法的建立及评价,S_40
2023-01-01 10:38:57,filed,"""PDF下载""",S_8
2023-01-01 12:00:50,button,"""搜索""",S_45
2023-01-01 08:44:20,button,CRISPR-Cas检测系统在食品供应链中安全防控的应用研究进展,S_8
2023-01-01 08:19:12,filed," ""基因编辑水稻RPA-CRISPR/Cas12b快速检测方法的建立""",S_38
2023-01-01 12:28:15,button,热带水产品中溶藻弧菌重组酶聚合酶等温扩增快速检测方法的建立,S_13
2023-01-01 12:01:56,filed,基于CRISPR/Cas12a系统联合重组酶聚合酶扩增的鸭星状病毒2型核酸检测试纸条的制备,S_27
2023-01-01 14:13:45,button,CRISPR-Cas检测系统在食品供应链中安全防控的应用研究进展,S_50
2023-01-01 10:20:40,button,"""检索""",S_41
2023-01-01 11:16:48,button,"""PDF下载""",S_43
2023-01-01 13:16:24,button,CRISPR-Cas检测系统在食品供应链中安全防控的应用研究进展,S_18
2023-01-01 10:58:27,button,基于CRISPR/Cas12a系统联合重组酶聚合酶扩增的鸭星状病毒2型核酸检测试纸条的制备,S_27
2023-01-01 08:27:08,button,基于RPA-LFD可视化快速检测肺炎克雷伯菌方法的建立及评价,S_12
2023-01-01 14:54:00,button,热带水产品中溶藻弧菌重组酶聚合酶等温扩增快速检测方法的建立,S_12
2023-01-01 08:27:36,button,"""搜索""",S_13
2023-01-01 13:47:48,button,"""PDF下载""",S_15
2023-01-01 11:54:24,button,CRISPR-Cas检测系统在食品供应链中安全防控的应用研究进展,S_45
2023-01-01 16:00:12,button,CRISPR-Cas检测系统在食品供应链中安全防控的应用研究进展,S_14
2023-01-01 12:42:30,filed,基于CRISPR/Cas12a系统联合重组酶聚合酶扩增的鸭星状病毒2型核酸检测试纸条的制备,S_48
2023-01-01 13:39:09,filed,CRISPR-Cas检测系统在食品供应链中安全防控的应用研究进展,S_12
2023-01-01 11:40:08,button,基于CRISPR/Cas12a系统联合重组酶聚合酶扩增的鸭星状病毒2型核酸检测试纸条的制备,S_50
2023-01-01 12:19:42,button,热带水产品中溶藻弧菌重组酶聚合酶等温扩增快速检测方法的建立,S_22
2023-01-01 16:38:24,button,"""PDF下载""",S_46
2023-01-01 14:11:15,filed," ""基因编辑水稻RPA-CRISPR/Cas12b快速检测方法的建立""",S_16
2023-01-01 16:51:04,button,"""搜索""",S_2
2023-01-01 10:21:33,filed,"""搜索""",S_12
2023-01-01 17:33:14,button,CRISPR-Cas检测系统在食品供应链中安全防控的应用研究进展,S_30
2023-01-01 08:30:29,button,基于CRISPR/Cas12a系统联合重组酶聚合酶扩增的鸭星状病毒2型核酸检测试纸条的制备,S_19
2023-01-01 15:26:00,button," ""基因编辑水稻RPA-CRISPR/Cas12b快速检测方法的建立""",S_19
2023-01-01 08:46:46,button,"""搜索""",S_31
2023-01-01 11:51:28,button,"""PDF下载""",S_48
2023-01-01 17:19:39,filed,CRISPR-Cas检测系统在食品供应链中安全防控的应用研究进展,S_10
2023-01-01 13:21:04,button," ""RPA+AI在企业财务领域应用研究及实践""",S_16
2023-01-01 09:32:05,filed," ""RPA+AI在企业财务领域应用研究及实践""",S_50
2023-01-01 17:07:48,button,基于RPA-LFD可视化快速检测肺炎克雷伯菌方法的建立及评价,S_41
2023-01-01 13:35:00,filed,热带水产品中溶藻弧菌重组酶聚合酶等温扩增快速检测方法的建立,S_2
2023-01-01 09:46:32,filed,"""检索""",S_43
2023-01-01 15:41:09,filed," ""基因编辑水稻RPA-CRISPR/Cas12b快速检测方法的建立""",S_12
2023-01-01 12:51:40,button,"""PDF下载""",S_14
2023-01-01 17:01:58,filed,基于CRISPR/Cas12a系统联合重组酶聚合酶扩增的鸭星状病毒2型核酸检测试纸条的制备,S_38
2023-01-01 15:33:36,filed," ""RPA+AI在企业财务领域应用研究及实践""",S_16
2023-01-01 16:32:13,filed,"""PDF下载""",S_41
2023-01-01 16:15:48,filed,基于RPA-LFD可视化快速检测肺炎克雷伯菌方法的建立及评价,S_16
2023-01-01 16:58:45,button,"""搜索""",S_49
2023-01-01 14:16:12,filed,"""检索""",S_20
2023-01-01 15:52:16,button,热带水产品中溶藻弧菌重组酶聚合酶等温扩增快速检测方法的建立,S_11
2023-01-01 11:05:54,button," ""基因编辑水稻RPA-CRISPR/Cas12b快速检测方法的建立""",S_8
2023-01-01 16:50:37,button," ""RPA+AI在企业财务领域应用研究及实践""",S_16
2023-01-01 21:12:00,filed,"""检索""",S_45
2023-01-01 11:44:06,filed," ""基因编辑水稻RPA-CRISPR/Cas12b快速检测方法的建立""",S_32
2023-01-01 20:15:16,button,"""PDF下载""",S_38
2023-01-01 12:33:54,filed,"""检索""",S_18
2023-01-01 11:45:24,button,热带水产品中溶藻弧菌重组酶聚合酶等温扩增快速检测方法的建立,S_48
2023-01-01 11:32:30,filed," ""基因编辑水稻RPA-CRISPR/Cas12b快速检测方法的建立""",S_3
2023-01-01 10:01:50,filed,"""PDF下载""",S_19
2023-01-01 08:44:57,button,基于CRISPR/Cas12a系统联合重组酶聚合酶扩增的鸭星状病毒2型核酸检测试纸条的制备,S_39
2023-01-01 18:23:20,button," ""基因编辑水稻RPA-CRISPR/Cas12b快速检测方法的建立""",S_35
2023-01-01 13:14:28,button,基于RPA-LFD可视化快速检测肺炎克雷伯菌方法的建立及评价,S_33
2023-01-01 10:21:00,filed,"""搜索""",S_28
2023-01-01 08:28:49,filed,"""PDF下载""",S_28
2023-01-01 12:25:16,button,基于RPA-LFD可视化快速检测肺炎克雷伯菌方法的建立及评价,S_47
2023-01-01 09:45:24,filed," ""基因编辑水稻RPA-CRISPR/Cas12b快速检测方法的建立""",S_35
2023-01-01 14:33:14,filed," ""RPA+AI在企业财务领域应用研究及实践""",S_29
2023-01-01 12:48:10,filed,热带水产品中溶藻弧菌重组酶聚合酶等温扩增快速检测方法的建立,S_21
2023-01-01 23:15:12,button,"""PDF下载""",S_9
2023-01-01 19:06:04,filed," ""RPA+AI在企业财务领域应用研究及实践""",S_30
2023-01-01 18:12:30,filed,热带水产品中溶藻弧菌重组酶聚合酶等温扩增快速检测方法的建立,S_49
2023-01-01 10:30:09,button,"""PDF下载""",S_37
2023-01-01 18:20:00,button,"""检索""",S_1
2023-01-01 10:18:02,filed," ""基因编辑水稻RPA-CRISPR/Cas12b快速检测方法的建立""",S_31
2023-01-01 22:35:30,filed,基于CRISPR/Cas12a系统联合重组酶聚合酶扩增的鸭星状病毒2型核酸检测试纸条的制备,S_41
2023-01-01 19:48:59,filed," ""基因编辑水稻RPA-CRISPR/Cas12b快速检测方法的建立""",S_48
2023-01-01 14:05:44,button,基于CRISPR/Cas12a系统联合重组酶聚合酶扩增的鸭星状病毒2型核酸检测试纸条的制备,S_9
2023-01-01 09:59:00,filed,CRISPR-Cas检测系统在食品供应链中安全防控的应用研究进展,S_13
2023-01-01 21:45:02,button,"""PDF下载""",S_50
2023-01-01 18:25:57,button,基于RPA-LFD可视化快速检测肺炎克雷伯菌方法的建立及评价,S_49
2023-01-01 19:56:24,filed,"""PDF下载""",S_31
2023-01-01 17:32:15,button,"""检索""",S_23
2023-01-01 15:54:50,filed," ""RPA+AI在企业财务领域应用研究及实践""",S_27
2023-01-02 00:51:57,filed,CRISPR-Cas检测系统在食品供应链中安全防控的应用研究进展,S_28
2023-01-01 16:10:56,button,"""PDF下载""",S_41
2023-01-01 20:16:23,button," ""RPA+AI在企业财务领域应用研究及实践""",S_3
2023-01-01 10:03:30,button,"""检索""",S_1
2023-01-01 22:20:35,filed,"""PDF下载""",S_21
2023-01-01 19:07:00,filed,"""搜索""",S_7
2023-01-01 23:26:15,button,"""搜索""",S_15
2023-01-02 03:12:28,filed,基于RPA-LFD可视化快速检测肺炎克雷伯菌方法的建立及评价,S_35
2023-01-01 22:18:47,button,基于RPA-LFD可视化快速检测肺炎克雷伯菌方法的建立及评价,S_34
2023-01-01 08:36:00,button," ""基因编辑水稻RPA-CRISPR/Cas12b快速检测方法的建立""",S_16
2023-01-01 14:29:13,filed,基于RPA-LFD可视化快速检测肺炎克雷伯菌方法的建立及评价,S_15
2023-01-01 11:35:32,filed,CRISPR-Cas检测系统在食品供应链中安全防控的应用研究进展,S_38
2023-01-02 02:35:12,button,基于CRISPR/Cas12a系统联合重组酶聚合酶扩增的鸭星状病毒2型核酸检测试纸条的制备,S_46
2023-01-01 16:05:40,button,CRISPR-Cas检测系统在食品供应链中安全防控的应用研究进展,S_6
2023-01-01 11:15:50,filed,基于CRISPR/Cas12a系统联合重组酶聚合酶扩增的鸭星状病毒2型核酸检测试纸条的制备,S_7
2023-01-01 13:15:00,filed,"""PDF下载""",S_29
2023-01-02 01:40:27,button,"""搜索""",S_9
2023-01-01 14:26:08,button," ""基因编辑水稻RPA-CRISPR/Cas12b快速检测方法的建立""",S_10
2023-01-01 18:32:06,button,"""检索""",S_22
2023-01-02 04:58:50,filed,热带水产品中溶藻弧菌重组酶聚合酶等温扩增快速检测方法的建立,S_19
2023-01-01 08:50:13,filed," ""基因编辑水稻RPA-CRISPR/Cas12b快速检测方法的建立""",S_17
2023-01-01 18:38:00,button,基于CRISPR/Cas12a系统联合重组酶聚合酶扩增的鸭星状病毒2型核酸检测试纸条的制备,S_27
2023-01-02 04:23:36,button,"""PDF下载""",S_27
2023-01-01 09:18:10,filed,CRISPR-Cas检测系统在食品供应链中安全防控的应用研究进展,S_37
2023-01-02 02:29:15,button,基于CRISPR/Cas12a系统联合重组酶聚合酶扩增的鸭星状病毒2型核酸检测试纸条的制备,S_16
2023-01-01 22:07:44,filed,CRISPR-Cas检测系统在食品供应链中安全防控的应用研究进展,S_45
2023-01-01 10:46:41,button,CRISPR-Cas检测系统在食品供应链中安全防控的应用研究进展,S_13
2023-01-01 21:50:18,button,热带水产品中溶藻弧菌重组酶聚合酶等温扩增快速检测方法的建立,S_49
2023-01-02 04:41:44,filed,CRISPR-Cas检测系统在食品供应链中安全防控的应用研究进展,S_21
2023-01-01 18:27:40,button,热带水产品中溶藻弧菌重组酶聚合酶等温扩增快速检测方法的建立,S_21
2023-01-02 00:22:18,filed," ""基因编辑水稻RPA-CRISPR/Cas12b快速检测方法的建立""",S_10
2023-01-01 21:38:52,filed,"""搜索""",S_21
2023-01-01 08:33:22,button," ""RPA+AI在企业财务领域应用研究及实践""",S_7
2023-01-01 10:48:00,filed,基于CRISPR/Cas12a系统联合重组酶聚合酶扩增的鸭星状病毒2型核酸检测试纸条的制备,S_15
2023-01-02 03:03:05,filed,"""检索""",S_29
2023-01-02 08:20:00,filed," ""RPA+AI在企业财务领域应用研究及实践""",S_13
2023-01-01 10:19:39,filed,热带水产品中溶藻弧菌重组酶聚合酶等温扩增快速检测方法的建立,S_39
2023-01-02 04:45:40,button," ""基因编辑水稻RPA-CRISPR/Cas12b快速检测方法的建立""",S_3
2023-01-01 15:44:23,button,"""检索""",S_5
2023-01-01 23:25:00,button,基于RPA-LFD可视化快速检测肺炎克雷伯菌方法的建立及评价,S_42
2023-01-01 23:16:04,filed," ""RPA+AI在企业财务领域应用研究及实践""",S_23
2023-01-01 13:47:04,filed,基于RPA-LFD可视化快速检测肺炎克雷伯菌方法的建立及评价,S_19
2023-01-02 08:21:09,button,热带水产品中溶藻弧菌重组酶聚合酶等温扩增快速检测方法的建立,S_27
2023-01-01 13:13:08,filed,"""检索""",S_33
2023-01-02 09:50:00,filed,"""PDF下载""",S_15
2023-01-01 14:53:24,filed,热带水产品中溶藻弧菌重组酶聚合酶等温扩增快速检测方法的建立,S_24
2023-01-01 16:27:38,filed,CRISPR-Cas检测系统在食品供应链中安全防控的应用研究进展,S_28
2023-01-01 19:14:08,button,热带水产品中溶藻弧菌重组酶聚合酶等温扩增快速检测方法的建立,S_46
2023-01-02 06:42:06,button,"""检索""",S_31
2023-01-01 13:38:40,button," ""RPA+AI在企业财务领域应用研究及实践""",S_45
2023-01-01 08:29:31,button,基于RPA-LFD可视化快速检测肺炎克雷伯菌方法的建立及评价,S_34
2023-01-02 10:57:18,button,"""检索""",S_7
2023-01-02 05:38:34,filed,CRISPR-Cas检测系统在食品供应链中安全防控的应用研究进展,S_25
2023-01-01 17:47:40,filed,"""检索""",S_44
2023-01-01 13:16:15,filed," ""RPA+AI在企业财务领域应用研究及实践""",S_6
2023-01-02 07:17:10,filed,"""PDF下载""",S_44
2023-01-01 22:03:21,filed,热带水产品中溶藻弧菌重组酶聚合酶等温扩增快速检测方法的建立,S_17
2023-01-02 09:06:24,filed,基于RPA-LFD可视化快速检测肺炎克雷伯菌方法的建立及评价,S_24
2023-01-01 13:32:22,button,基于RPA-LFD可视化快速检测肺炎克雷伯菌方法的建立及评价,S_41
2023-01-02 06:25:50,button," ""基因编辑水稻RPA-CRISPR/Cas12b快速检测方法的建立""",S_22
2023-01-02 05:19:39,filed,基于RPA-LFD可视化快速检测肺炎克雷伯菌方法的建立及评价,S_37
2023-01-01 10:20:28,button,"""搜索""",S_50
2023-01-02 12:47:07,filed,基于CRISPR/Cas12a系统联合重组酶聚合酶扩增的鸭星状病毒2型核酸检测试纸条的制备,S_47
2023-01-01 10:54:00,button,"""检索""",S_14
2023-01-01 20:23:45,filed,基于RPA-LFD可视化快速检测肺炎克雷伯菌方法的建立及评价,S_13
2023-01-02 05:13:04,filed,基于CRISPR/Cas12a系统联合重组酶聚合酶扩增的鸭星状病毒2型核酸检测试纸条的制备,S_11
2023-01-02 09:36:57,button,"""PDF下载""",S_47
2023-01-02 10:18:16,filed,基于CRISPR/Cas12a系统联合重组酶聚合酶扩增的鸭星状病毒2型核酸检测试纸条的制备,S_43
2023-01-01 15:39:26,filed," ""RPA+AI在企业财务领域应用研究及实践""",S_24
2023-01-01 16:48:00,button,"""检索""",S_31
2023-01-02 03:21:25,button,"""检索""",S_2
2023-01-02 06:14:40,button,"""PDF下载""",S_44
2023-01-01 13:50:45,button,"""PDF下载""",S_37
2023-01-02 10:04:00,filed,"""检索""",S_12
2023-01-02 03:19:20,filed,基于CRISPR/Cas12a系统联合重组酶聚合酶扩增的鸭星状病毒2型核酸检测试纸条的制备,S_29
2023-01-01 14:12:00,button,热带水产品中溶藻弧菌重组酶聚合酶等温扩增快速检测方法的建立,S_39
2023-01-02 07:28:44,filed,"""PDF下载""",S_21
2023-01-02 10:47:24,button,"""搜索""",S_19
2023-01-01 14:49:30,filed,"""检索""",S_50
2023-01-02 05:41:30,filed,CRISPR-Cas检测系统在食品供应链中安全防控的应用研究进展,S_24
2023-01-01 21:09:28,button,"""检索""",S_32
2023-01-02 00:35:12,button," ""RPA+AI在企业财务领域应用研究及实践""",S_28
2023-01-01 21:59:33,filed,基于CRISPR/Cas12a系统联合重组酶聚合酶扩增的鸭星状病毒2型核酸检测试纸条的制备,S_7
2023-01-01 16:34:06,filed,热带水产品中溶藻弧菌重组酶聚合酶等温扩增快速检测方法的建立,S_22
2023-01-01 08:35:45,filed,热带水产品中溶藻弧菌重组酶聚合酶等温扩增快速检测方法的建立,S_25
2023-01-01 20:08:28,button," ""基因编辑水稻RPA-CRISPR/Cas12b快速检测方法的建立""",S_31
2023-01-01 23:06:12,button,"""检索""",S_19
2023-01-02 15:27:36,filed," ""RPA+AI在企业财务领域应用研究及实践""",S_17
2023-01-02 09:48:53,button,基于RPA-LFD可视化快速检测肺炎克雷伯菌方法的建立及评价,S_36
2023-01-02 16:10:00,filed,CRISPR-Cas检测系统在食品供应链中安全防控的应用研究进展,S_25
2023-01-02 16:16:18,button,热带水产品中溶藻弧菌重组酶聚合酶等温扩增快速检测方法的建立,S_6
2023-01-02 16:42:46,button,"""搜索""",S_4
2023-01-01 16:10:35,button,CRISPR-Cas检测系统在食品供应链中安全防控的应用研究进展,S_13
2023-01-01 14:17:24,button,热带水产品中溶藻弧菌重组酶聚合酶等温扩增快速检测方法的建立,S_18
2023-01-01 13:45:05,button,"""PDF下载""",S_50
2023-01-02 16:33:34,button,CRISPR-Cas检测系统在食品供应链中安全防控的应用研究进展,S_22
2023-01-01 17:43:03,button,"""PDF下载""",S_28
2023-01-02 11:54:24,filed,"""检索""",S_21
2023-01-02 03:02:32,filed,CRISPR-Cas检测系统在食品供应链中安全防控的应用研究进展,S_3
2023-01-02 06:55:30,button," ""RPA+AI在企业财务领域应用研究及实践""",S_30
2023-01-01 23:17:51,button,基于CRISPR/Cas12a系统联合重组酶聚合酶扩增的鸭星状病毒2型核酸检测试纸条的制备,S_41
2023-01-02 00:50:32,button,基于CRISPR/Cas12a系统联合重组酶聚合酶扩增的鸭星状病毒2型核酸检测试纸条的制备,S_47
2023-01-01 09:50:03,button," ""RPA+AI在企业财务领域应用研究及实践""",S_49
2023-01-02 10:45:00,button,基于RPA-LFD可视化快速检测肺炎克雷伯菌方法的建立及评价,S_3
2023-01-01 17:47:40,filed," ""基因编辑水稻RPA-CRISPR/Cas12b快速检测方法的建立""",S_14
2023-01-01 13:34:48,filed,基于RPA-LFD可视化快速检测肺炎克雷伯菌方法的建立及评价,S_50
2023-01-02 03:02:52,filed,基于RPA-LFD可视化快速检测肺炎克雷伯菌方法的建立及评价,S_34
2023-01-02 09:07:50,button," ""RPA+AI在企业财务领域应用研究及实践""",S_9
2023-01-01 20:17:18,filed,"""搜索""",S_36
2023-01-02 14:48:00,button,"""检索""",S_40
2023-01-01 12:10:28,filed,CRISPR-Cas检测系统在食品供应链中安全防控的应用研究进展,S_3
2023-01-01 19:39:18,button,基于RPA-LFD可视化快速检测肺炎克雷伯菌方法的建立及评价,S_35
2023-01-01 21:00:30,filed,基于CRISPR/Cas12a系统联合重组酶聚合酶扩增的鸭星状病毒2型核酸检测试纸条的制备,S_38
2023-01-02 16:17:36,button,热带水产品中溶藻弧菌重组酶聚合酶等温扩增快速检测方法的建立,S_9
2023-01-02 12:26:15,button,基于RPA-LFD可视化快速检测肺炎克雷伯菌方法的建立及评价,S_12
2023-01-02 11:07:12,button,"""检索""",S_3
2023-01-02 19:18:40,button," ""RPA+AI在企业财务领域应用研究及实践""",S_7
2023-01-01 15:36:00,button,基于CRISPR/Cas12a系统联合重组酶聚合酶扩增的鸭星状病毒2型核酸检测试纸条的制备,S_11
2023-01-02 18:13:22,button," ""RPA+AI在企业财务领域应用研究及实践""",S_38
2023-01-01 14:31:00,button,"""检索""",S_28
2023-01-01 16:16:39,filed,"""检索""",S_34
2023-01-02 00:49:12,filed,基于CRISPR/Cas12a系统联合重组酶聚合酶扩增的鸭星状病毒2型核酸检测试纸条的制备,S_14
2023-01-02 02:07:20,button,CRISPR-Cas检测系统在食品供应链中安全防控的应用研究进展,S_44
2023-01-01 17:37:12,button,"""PDF下载""",S_16
2023-01-02 18:04:30,filed,基于CRISPR/Cas12a系统联合重组酶聚合酶扩增的鸭星状病毒2型核酸检测试纸条的制备,S_29
2023-01-02 22:05:16,button," ""RPA+AI在企业财务领域应用研究及实践""",S_49
2023-01-02 02:37:51,filed,基于RPA-LFD可视化快速检测肺炎克雷伯菌方法的建立及评价,S_21
2023-01-02 18:10:46,filed," ""RPA+AI在企业财务领域应用研究及实践""",S_35
2023-01-01 12:54:46,button,"""搜索""",S_19
2023-01-02 05:48:00,button,基于RPA-LFD可视化快速检测肺炎克雷伯菌方法的建立及评价,S_22
2023-01-01 22:03:30,button,CRISPR-Cas检测系统在食品供应链中安全防控的应用研究进展,S_33
2023-01-01 16:36:16,button,"""搜索""",S_5
2023-01-01 18:52:03,button,"""搜索""",S_18
2023-01-02 02:18:00,filed,"""搜索""",S_34
2023-01-01 10:10:40,filed,"""检索""",S_40
2023-01-02 11:03:36,button,CRISPR-Cas检测系统在食品供应链中安全防控的应用研究进展,S_8
2023-01-01 15:04:01,filed," ""RPA+AI在企业财务领域应用研究及实践""",S_23
2023-01-02 04:35:52,filed,热带水产品中溶藻弧菌重组酶聚合酶等温扩增快速检测方法的建立,S_32
2023-01-01 08:41:30,button,热带水产品中溶藻弧菌重组酶聚合酶等温扩增快速检测方法的建立,S_4
2023-01-02 14:50:00,button,基于RPA-LFD可视化快速检测肺炎克雷伯菌方法的建立及评价,S_24
2023-01-01 22:55:14,filed,CRISPR-Cas检测系统在食品供应链中安全防控的应用研究进展,S_44
2023-01-02 23:49:48,button,热带水产品中溶藻弧菌重组酶聚合酶等温扩增快速检测方法的建立,S_16
2023-01-01 15:01:40,filed,"""检索""",S_2
2023-01-03 01:20:44,button,基于CRISPR/Cas12a系统联合重组酶聚合酶扩增的鸭星状病毒2型核酸检测试纸条的制备,S_24
2023-01-02 19:42:00,button,基于CRISPR/Cas12a系统联合重组酶聚合酶扩增的鸭星状病毒2型核酸检测试纸条的制备,S_12
2023-01-02 12:35:12,button,"""搜索""",S_23
2023-01-02 23:07:16,button,基于RPA-LFD可视化快速检测肺炎克雷伯菌方法的建立及评价,S_24
2023-01-02 18:24:00,button,"""PDF下载""",S_5
2023-01-01 09:34:58,button," ""基因编辑水稻RPA-CRISPR/Cas12b快速检测方法的建立""",S_29
2023-01-02 00:02:00,filed," ""基因编辑水稻RPA-CRISPR/Cas12b快速检测方法的建立""",S_16
2023-01-02 08:21:36,filed," ""基因编辑水稻RPA-CRISPR/Cas12b快速检测方法的建立""",S_9
2023-01-01 10:45:56,button,"""PDF下载""",S_26
2023-01-02 19:43:27,button," ""基因编辑水稻RPA-CRISPR/Cas12b快速检测方法的建立""",S_43
2023-01-02 14:26:00,button,"""搜索""",S_25
2023-01-03 00:55:40,button,"""PDF下载""",S_30
2023-01-01 14:07:58,button,"""PDF下载""",S_27
2023-01-02 17:00:15,filed,基于RPA-LFD可视化快速检测肺炎克雷伯菌方法的建立及评价,S_29
2023-01-01 15:04:20,button," ""基因编辑水稻RPA-CRISPR/Cas12b快速检测方法的建立""",S_50
2023-01-02 22:19:57,button,基于CRISPR/Cas12a系统联合重组酶聚合酶扩增的鸭星状病毒2型核酸检测试纸条的制备,S_42
2023-01-01 22:42:00,filed," ""RPA+AI在企业财务领域应用研究及实践""",S_29
2023-01-01 15:13:36,button,"""检索""",S_16
2023-01-02 03:02:24,button," ""基因编辑水稻RPA-CRISPR/Cas12b快速检测方法的建立""",S_7
2023-01-01 16:20:30,filed,CRISPR-Cas检测系统在食品供应链中安全防控的应用研究进展,S_5
2023-01-01 20:51:46,button,热带水产品中溶藻弧菌重组酶聚合酶等温扩增快速检测方法的建立,S_22
2023-01-02 14:37:55,button," ""基因编辑水稻RPA-CRISPR/Cas12b快速检测方法的建立""",S_29
2023-01-02 04:14:24,button,CRISPR-Cas检测系统在食品供应链中安全防控的应用研究进展,S_19
2023-01-02 00:41:49,filed,基于CRISPR/Cas12a系统联合重组酶聚合酶扩增的鸭星状病毒2型核酸检测试纸条的制备,S_14
2023-01-02 12:25:04,filed,"""检索""",S_27
2023-01-01 13:53:24,filed,基于CRISPR/Cas12a系统联合重组酶聚合酶扩增的鸭星状病毒2型核酸检测试纸条的制备,S_43
2023-01-03 05:06:40,filed,"""搜索""",S_21
2023-01-02 14:03:05,filed,基于CRISPR/Cas12a系统联合重组酶聚合酶扩增的鸭星状病毒2型核酸检测试纸条的制备,S_50
2023-01-02 00:03:30,filed,CRISPR-Cas检测系统在食品供应链中安全防控的应用研究进展,S_45
2023-01-03 03:04:44,filed,基于RPA-LFD可视化快速检测肺炎克雷伯菌方法的建立及评价,S_2
2023-01-01 17:56:24,filed,基于RPA-LFD可视化快速检测肺炎克雷伯菌方法的建立及评价,S_35
2023-01-03 00:55:45,button,CRISPR-Cas检测系统在食品供应链中安全防控的应用研究进展,S_9
2023-01-01 21:49:24,filed,基于RPA-LFD可视化快速检测肺炎克雷伯菌方法的建立及评价,S_29
2023-01-03 04:33:53,filed,"""检索""",S_40
2023-01-02 04:48:00,filed,"""检索""",S_2
2023-01-01 10:58:13,filed,CRISPR-Cas检测系统在食品供应链中安全防控的应用研究进展,S_46
2023-01-01 11:42:20,button,"""检索""",S_29
2023-01-02 10:25:57,filed," ""基因编辑水稻RPA-CRISPR/Cas12b快速检测方法的建立""",S_2
2023-01-01 23:53:52,filed," ""基因编辑水稻RPA-CRISPR/Cas12b快速检测方法的建立""",S_46
2023-01-02 12:48:42,button,"""搜索""",S_4
2023-01-03 06:57:30,filed," ""RPA+AI在企业财务领域应用研究及实践""",S_9
2023-01-02 11:27:05,button,"""搜索""",S_15
2023-01-02 12:41:44,filed,"""检索""",S_42
2023-01-03 02:54:00,filed," ""RPA+AI在企业财务领域应用研究及实践""",S_26
2023-01-02 09:09:52,filed," ""基因编辑水稻RPA-CRISPR/Cas12b快速检测方法的建立""",S_40
2023-01-01 18:17:56,filed,热带水产品中溶藻弧菌重组酶聚合酶等温扩增快速检测方法的建立,S_11
2023-01-02 06:35:00,filed," ""基因编辑水稻RPA-CRISPR/Cas12b快速检测方法的建立""",S_37
2023-01-02 00:03:12,button,CRISPR-Cas检测系统在食品供应链中安全防控的应用研究进展,S_32
2023-01-02 10:10:24,filed,CRISPR-Cas检测系统在食品供应链中安全防控的应用研究进展,S_16
2023-01-01 16:55:18,filed," ""基因编辑水稻RPA-CRISPR/Cas12b快速检测方法的建立""",S_42
2023-01-02 19:53:20,button,CRISPR-Cas检测系统在食品供应链中安全防控的应用研究进展,S_47
2023-01-03 06:30:45,button,基于RPA-LFD可视化快速检测肺炎克雷伯菌方法的建立及评价,S_27
2023-01-01 15:44:06,filed,热带水产品中溶藻弧菌重组酶聚合酶等温扩增快速检测方法的建立,S_5
2023-01-02 05:54:59,button,基于RPA-LFD可视化快速检测肺炎克雷伯菌方法的建立及评价,S_48
2023-01-01 11:25:20,button,热带水产品中溶藻弧菌重组酶聚合酶等温扩增快速检测方法的建立,S_4
2023-01-02 08:12:18,filed,热带水产品中溶藻弧菌重组酶聚合酶等温扩增快速检测方法的建立,S_22
2023-01-01 09:38:10,button,热带水产品中溶藻弧菌重组酶聚合酶等温扩增快速检测方法的建立,S_10
2023-01-02 20:42:55,filed,热带水产品中溶藻弧菌重组酶聚合酶等温扩增快速检测方法的建立,S_14
2023-01-03 00:18:00,button,热带水产品中溶藻弧菌重组酶聚合酶等温扩增快速检测方法的建立,S_27
2023-01-03 06:20:29,filed,基于RPA-LFD可视化快速检测肺炎克雷伯菌方法的建立及评价,S_41
2023-01-02 06:19:44,button,"""PDF下载""",S_38
2023-01-01 13:46:30,button,热带水产品中溶藻弧菌重组酶聚合酶等温扩增快速检测方法的建立,S_31
2023-01-03 06:10:16,button," ""RPA+AI在企业财务领域应用研究及实践""",S_4
2023-01-02 06:58:57,filed,"""PDF下载""",S_47
2023-01-02 13:46:06,filed,基于CRISPR/Cas12a系统联合重组酶聚合酶扩增的鸭星状病毒2型核酸检测试纸条的制备,S_50
2023-01-03 09:42:39,filed,"""PDF下载""",S_15
2023-01-03 07:22:40,button," ""基因编辑水稻RPA-CRISPR/Cas12b快速检测方法的建立""",S_40
2023-01-02 22:09:48,filed,基于CRISPR/Cas12a系统联合重组酶聚合酶扩增的鸭星状病毒2型核酸检测试纸条的制备,S_18
2023-01-02 22:54:30,filed,基于RPA-LFD可视化快速检测肺炎克雷伯菌方法的建立及评价,S_16
2023-01-01 23:25:56,filed,"""检索""",S_38
2023-01-03 03:17:24,button,热带水产品中溶藻弧菌重组酶聚合酶等温扩增快速检测方法的建立,S_25
2023-01-02 04:56:40,filed," ""RPA+AI在企业财务领域应用研究及实践""",S_20
2023-01-03 00:55:52,button," ""基因编辑水稻RPA-CRISPR/Cas12b快速检测方法的建立""",S_20
2023-01-02 20:03:39,filed,"""检索""",S_3
2023-01-01 19:06:56,filed,CRISPR-Cas检测系统在食品供应链中安全防控的应用研究进展,S_31
2023-01-03 12:10:59,filed,CRISPR-Cas检测系统在食品供应链中安全防控的应用研究进展,S_17
2023-01-02 13:09:00,button,基于CRISPR/Cas12a系统联合重组酶聚合酶扩增的鸭星状病毒2型核酸检测试纸条的制备,S_5
2023-01-02 18:50:49,filed,"""检索""",S_29
2023-01-02 04:33:56,button,"""检索""",S_8
2023-01-02 03:53:15,button," ""基因编辑水稻RPA-CRISPR/Cas12b快速检测方法的建立""",S_8
2023-01-01 17:22:14,button,"""检索""",S_33
2023-01-03 15:22:05,filed," ""RPA+AI在企业财务领域应用研究及实践""",S_10
2023-01-03 06:51:12,button,热带水产品中溶藻弧菌重组酶聚合酶等温扩增快速检测方法的建立,S_39
2023-01-03 10:38:37,filed,"""PDF下载""",S_38
2023-01-02 12:43:48,filed,"""检索""",S_11
2023-01-03 00:57:45,button,热带水产品中溶藻弧菌重组酶聚合酶等温扩增快速检测方法的建立,S_38
2023-01-01 18:34:40,filed,热带水产品中溶藻弧菌重组酶聚合酶等温扩增快速检测方法的建立,S_19
2023-01-02 00:34:35,button,CRISPR-Cas检测系统在食品供应链中安全防控的应用研究进展,S_31
2023-01-02 07:56:24,filed,基于RPA-LFD可视化快速检测肺炎克雷伯菌方法的建立及评价,S_16
2023-01-01 09:20:02,button,基于RPA-LFD可视化快速检测肺炎克雷伯菌方法的建立及评价,S_18
2023-01-01 10:23:20,filed,CRISPR-Cas检测系统在食品供应链中安全防控的应用研究进展,S_3
2023-01-01 15:34:15,filed," ""基因编辑水稻RPA-CRISPR/Cas12b快速检测方法的建立""",S_16
2023-01-02 07:44:22,button," ""基因编辑水稻RPA-CRISPR/Cas12b快速检测方法的建立""",S_46
2023-01-03 07:36:58,button," ""RPA+AI在企业财务领域应用研究及实践""",S_17
2023-01-02 18:30:36,filed,基于CRISPR/Cas12a系统联合重组酶聚合酶扩增的鸭星状病毒2型核酸检测试纸条的制备,S_25
2023-01-02 08:37:26,button," ""RPA+AI在企业财务领域应用研究及实践""",S_24
2023-01-02 10:15:00,filed," ""RPA+AI在企业财务领域应用研究及实践""",S_33
2023-01-03 01:43:48,filed,"""检索""",S_21
2023-01-01 15:43:28,filed,基于CRISPR/Cas12a系统联合重组酶聚合酶扩增的鸭星状病毒2型核酸检测试纸条的制备,S_47
2023-01-03 14:42:54,filed,"""搜索""",S_15
2023-01-02 11:14:18,button,热带水产品中溶藻弧菌重组酶聚合酶等温扩增快速检测方法的建立,S_26
2023-01-02 21:28:20,button,"""检索""",S_5
2023-01-02 04:51:56,button,热带水产品中溶藻弧菌重组酶聚合酶等温扩增快速检测方法的建立,S_42
2023-01-02 06:00:54,button,"""PDF下载""",S_5
2023-01-03 09:43:20,filed,"""PDF下载""",S_1
2023-01-01 10:17:37,button," ""基因编辑水稻RPA-CRISPR/Cas12b快速检测方法的建立""",S_46
2023-01-02 15:42:00,button,基于RPA-LFD可视化快速检测肺炎克雷伯菌方法的建立及评价,S_3
2023-01-01 19:19:53,filed,热带水产品中溶藻弧菌重组酶聚合酶等温扩增快速检测方法的建立,S_10
2023-01-02 02:36:10,button,基于RPA-LFD可视化快速检测肺炎克雷伯菌方法的建立及评价,S_29
2023-01-03 05:58:48,filed,"""检索""",S_32
2023-01-03 12:58:56,button,"""搜索""",S_35
2023-01-02 19:41:20,button," ""基因编辑水稻RPA-CRISPR/Cas12b快速检测方法的建立""",S_3
2023-01-03 12:52:00,filed," ""RPA+AI在企业财务领域应用研究及实践""",S_27
2023-01-02 10:30:20,filed,CRISPR-Cas检测系统在食品供应链中安全防控的应用研究进展,S_36
2023-01-02 12:49:36,button,CRISPR-Cas检测系统在食品供应链中安全防控的应用研究进展,S_1
2023-01-02 19:58:39,filed,热带水产品中溶藻弧菌重组酶聚合酶等温扩增快速检测方法的建立,S_44
2023-01-01 12:12:50,filed,热带水产品中溶藻弧菌重组酶聚合酶等温扩增快速检测方法的建立,S_26
2023-01-02 14:24:05,button,基于RPA-LFD可视化快速检测肺炎克雷伯菌方法的建立及评价,S_37
2023-01-03 09:36:00,filed,CRISPR-Cas检测系统在食品供应链中安全防控的应用研究进展,S_18
2023-01-02 09:35:31,filed,基于RPA-LFD可视化快速检测肺炎克雷伯菌方法的建立及评价,S_17
2023-01-03 08:12:16,filed," ""基因编辑水稻RPA-CRISPR/Cas12b快速检测方法的建立""",S_14
2023-01-03 19:28:45,button,热带水产品中溶藻弧菌重组酶聚合酶等温扩增快速检测方法的建立,S_6
2023-01-01 18:45:28,button,基于CRISPR/Cas12a系统联合重组酶聚合酶扩增的鸭星状病毒2型核酸检测试纸条的制备,S_33
2023-01-02 20:26:36,button,热带水产品中溶藻弧菌重组酶聚合酶等温扩增快速检测方法的建立,S_37
2023-01-01 13:27:36,filed,基于RPA-LFD可视化快速检测肺炎克雷伯菌方法的建立及评价,S_21
2023-01-02 10:38:07,filed,"""搜索""",S_37
2023-01-03 07:30:00,button," ""基因编辑水稻RPA-CRISPR/Cas12b快速检测方法的建立""",S_25
2023-01-03 03:23:30,filed,基于CRISPR/Cas12a系统联合重组酶聚合酶扩增的鸭星状病毒2型核酸检测试纸条的制备,S_24
2023-01-03 09:45:58,button,"""检索""",S_2
2023-01-01 13:51:05,button," ""RPA+AI在企业财务领域应用研究及实践""",S_30
2023-01-02 18:33:36,button,基于RPA-LFD可视化快速检测肺炎克雷伯菌方法的建立及评价,S_30
2023-01-02 19:11:05,filed," ""RPA+AI在企业财务领域应用研究及实践""",S_32
2023-01-03 18:51:54,button," ""基因编辑水稻RPA-CRISPR/Cas12b快速检测方法的建立""",S_13
2023-01-04 00:30:00,filed," ""RPA+AI在企业财务领域应用研究及实践""",S_4
2023-01-02 17:37:36,button,"""搜索""",S_21
2023-01-02 15:46:06,button,热带水产品中溶藻弧菌重组酶聚合酶等温扩增快速检测方法的建立,S_48
2023-01-02 17:28:30,filed,"""搜索""",S_2
2023-01-02 22:13:52,filed," ""基因编辑水稻RPA-CRISPR/Cas12b快速检测方法的建立""",S_50
2023-01-02 19:23:20,filed,基于CRISPR/Cas12a系统联合重组酶聚合酶扩增的鸭星状病毒2型核酸检测试纸条的制备,S_28
2023-01-01 20:00:30,button,基于CRISPR/Cas12a系统联合重组酶聚合酶扩增的鸭星状病毒2型核酸检测试纸条的制备,S_32
2023-01-02 01:37:14,filed,基于RPA-LFD可视化快速检测肺炎克雷伯菌方法的建立及评价,S_32
2023-01-03 07:17:25,filed,CRISPR-Cas检测系统在食品供应链中安全防控的应用研究进展,S_50
2023-01-02 05:46:48,filed,基于RPA-LFD可视化快速检测肺炎克雷伯菌方法的建立及评价,S_20
2023-01-01 15:23:19,filed,"""检索""",S_17
2023-01-01 16:10:52,filed,基于CRISPR/Cas12a系统联合重组酶聚合酶扩增的鸭星状病毒2型核酸检测试纸条的制备,S_25
2023-01-03 16:11:33,filed," ""基因编辑水稻RPA-CRISPR/Cas12b快速检测方法的建立""",S_22
2023-01-03 18:33:20,filed,"""检索""",S_49
2023-01-03 00:19:22,filed,CRISPR-Cas检测系统在食品供应链中安全防控的应用研究进展,S_15
2023-01-02 05:06:18,filed,"""搜索""",S_4
2023-01-03 17:45:48,filed," ""基因编辑水稻RPA-CRISPR/Cas12b快速检测方法的建立""",S_11
2023-01-02 14:44:56,filed,热带水产品中溶藻弧菌重组酶聚合酶等温扩增快速检测方法的建立,S_1
2023-01-03 19:30:45,filed," ""基因编辑水稻RPA-CRISPR/Cas12b快速检测方法的建立""",S_7
2023-01-01 22:26:08,button,"""搜索""",S_38
2023-01-01 11:30:17,filed,基于CRISPR/Cas12a系统联合重组酶聚合酶扩增的鸭星状病毒2型核酸检测试纸条的制备,S_50
2023-01-02 09:23:12,filed,基于RPA-LFD可视化快速检测肺炎克雷伯菌方法的建立及评价,S_6
2023-01-02 13:52:47,button,"""搜索""",S_20
2023-01-03 18:46:00,filed,热带水产品中溶藻弧菌重组酶聚合酶等温扩增快速检测方法的建立,S_27
2023-01-02 14:49:30,filed,基于RPA-LFD可视化快速检测肺炎克雷伯菌方法的建立及评价,S_38
2023-01-02 04:56:36,button,"""搜索""",S_20
2023-01-03 18:37:23,filed,基于CRISPR/Cas12a系统联合重组酶聚合酶扩增的鸭星状病毒2型核酸检测试纸条的制备,S_38
2023-01-03 18:52:48,filed,热带水产品中溶藻弧菌重组酶聚合酶等温扩增快速检测方法的建立,S_36
2023-01-03 10:43:20,filed,"""PDF下载""",S_4
2023-01-03 01:56:48,filed," ""基因编辑水稻RPA-CRISPR/Cas12b快速检测方法的建立""",S_10
2023-01-03 23:21:39,filed,"""检索""",S_6
2023-01-01 11:35:58,filed,"""PDF下载""",S_13
2023-01-04 00:28:46,filed,CRISPR-Cas检测系统在食品供应链中安全防控的应用研究进展,S_13
2023-01-03 15:18:00,filed," ""基因编辑水稻RPA-CRISPR/Cas12b快速检测方法的建立""",S_16
2023-01-03 17:25:11,filed,热带水产品中溶藻弧菌重组酶聚合酶等温扩增快速检测方法的建立,S_31
2023-01-03 19:39:58,button,基于CRISPR/Cas12a系统联合重组酶聚合酶扩增的鸭星状病毒2型核酸检测试纸条的制备,S_20
2023-01-03 18:45:00,button,基于RPA-LFD可视化快速检测肺炎克雷伯菌方法的建立及评价,S_25
2023-01-01 21:18:32,filed,"""PDF下载""",S_24
2023-01-03 20:26:40,filed,"""检索""",S_24
2023-01-04 04:16:42,filed,基于RPA-LFD可视化快速检测肺炎克雷伯菌方法的建立及评价,S_20
2023-01-03 05:32:48,filed,CRISPR-Cas检测系统在食品供应链中安全防控的应用研究进展,S_7
2023-01-03 17:32:32,filed," ""基因编辑水稻RPA-CRISPR/Cas12b快速检测方法的建立""",S_40
2023-01-03 23:02:21,button," ""RPA+AI在企业财务领域应用研究及实践""",S_3
2023-01-01 10:59:10,filed,基于CRISPR/Cas12a系统联合重组酶聚合酶扩增的鸭星状病毒2型核酸检测试纸条的制备,S_29
2023-01-01 11:21:08,filed,"""PDF下载""",S_3
2023-01-04 01:02:24,button,"""搜索""",S_34
2023-01-02 16:21:17,filed,基于RPA-LFD可视化快速检测肺炎克雷伯菌方法的建立及评价,S_14
2023-01-01 14:16:08,button,CRISPR-Cas检测系统在食品供应链中安全防控的应用研究进展,S_48
2023-01-03 06:45:45,filed,"""检索""",S_40
2023-01-04 00:04:04,filed," ""基因编辑水稻RPA-CRISPR/Cas12b快速检测方法的建立""",S_34
2023-01-02 19:12:10,filed,基于RPA-LFD可视化快速检测肺炎克雷伯菌方法的建立及评价,S_26
2023-01-03 18:38:36,button," ""RPA+AI在企业财务领域应用研究及实践""",S_43
2023-01-02 03:30:40,filed," ""RPA+AI在企业财务领域应用研究及实践""",S_6
2023-01-04 05:10:40,button,基于RPA-LFD可视化快速检测肺炎克雷伯菌方法的建立及评价,S_36
2023-01-02 09:36:09,button,"""PDF下载""",S_35
2023-01-04 09:17:54,button,"""检索""",S_5
2023-01-01 15:52:32,filed,"""PDF下载""",S_44
2023-01-02 17:32:48,button,CRISPR-Cas检测系统在食品供应链中安全防控的应用研究进展,S_29
2023-01-02 12:03:35,button,基于CRISPR/Cas12a系统联合重组酶聚合酶扩增的鸭星状病毒2型核酸检测试纸条的制备,S_46
2023-01-03 20:49:46,filed,"""检索""",S_33
2023-01-03 19:43:27,button," ""基因编辑水稻RPA-CRISPR/Cas12b快速检测方法的建立""",S_34
2023-01-02 18:13:20,button," ""RPA+AI在企业财务领域应用研究及实践""",S_11
2023-01-02 13:18:35,button,基于RPA-LFD可视化快速检测肺炎克雷伯菌方法的建立及评价,S_28
2023-01-01 18:15:00,button,"""PDF下载""",S_21
2023-01-03 18:30:17,button,"""PDF下载""",S_38
2023-01-03 21:38:52,filed,"""搜索""",S_21
2023-01-02 21:07:15,filed," ""RPA+AI在企业财务领域应用研究及实践""",S_35
2023-01-02 23:43:30,filed,CRISPR-Cas检测系统在食品供应链中安全防控的应用研究进展,S_3
2023-01-03 14:43:35,filed,基于CRISPR/Cas12a系统联合重组酶聚合酶扩增的鸭星状病毒2型核酸检测试纸条的制备,S_40
2023-01-04 10:13:36,filed,CRISPR-Cas检测系统在食品供应链中安全防控的应用研究进展,S_43
2023-01-01 16:45:33,button," ""RPA+AI在企业财务领域应用研究及实践""",S_49
2023-01-02 11:59:20,filed,热带水产品中溶藻弧菌重组酶聚合酶等温扩增快速检测方法的建立,S_21
2023-01-01 22:01:30,button,"""PDF下载""",S_11
2023-01-02 01:22:40,filed,热带水产品中溶藻弧菌重组酶聚合酶等温扩增快速检测方法的建立,S_1
2023-01-02 12:02:39,button,"""搜索""",S_38
2023-01-01 11:20:12,button,"""PDF下载""",S_5
2023-01-03 17:37:04,filed," ""基因编辑水稻RPA-CRISPR/Cas12b快速检测方法的建立""",S_7
2023-01-01 21:32:00,filed," ""RPA+AI在企业财务领域应用研究及实践""",S_41
2023-01-02 10:28:45,filed,"""PDF下载""",S_41
2023-01-02 10:32:10,button," ""RPA+AI在企业财务领域应用研究及实践""",S_36
2023-01-01 17:20:24,filed,"""搜索""",S_27
2023-01-02 20:47:24,button,"""检索""",S_45
2023-01-04 01:47:25,filed,"""搜索""",S_27
2023-01-04 05:50:50,button,热带水产品中溶藻弧菌重组酶聚合酶等温扩增快速检测方法的建立,S_42
2023-01-02 22:43:36,button,基于CRISPR/Cas12a系统联合重组酶聚合酶扩增的鸭星状病毒2型核酸检测试纸条的制备,S_12
2023-01-02 17:10:16,button," ""RPA+AI在企业财务领域应用研究及实践""",S_11
2023-01-02 09:45:08,filed,"""搜索""",S_36
2023-01-02 11:23:12,filed,CRISPR-Cas检测系统在食品供应链中安全防控的应用研究进展,S_41
2023-01-02 00:21:40,filed," ""RPA+AI在企业财务领域应用研究及实践""",S_13
2023-01-01 09:35:12,button,基于RPA-LFD可视化快速检测肺炎克雷伯菌方法的建立及评价,S_49
2023-01-04 02:30:54,filed," ""基因编辑水稻RPA-CRISPR/Cas12b快速检测方法的建立""",S_43
2023-01-01 20:36:50,filed,"""PDF下载""",S_20
2023-01-02 22:51:08,button,基于RPA-LFD可视化快速检测肺炎克雷伯菌方法的建立及评价,S_11
2023-01-02 01:04:00,button," ""基因编辑水稻RPA-CRISPR/Cas12b快速检测方法的建立""",S_6
2023-01-01 22:25:48,filed,基于CRISPR/Cas12a系统联合重组酶聚合酶扩增的鸭星状病毒2型核酸检测试纸条的制备,S_5
2023-01-02 11:18:48,button,热带水产品中溶藻弧菌重组酶聚合酶等温扩增快速检测方法的建立,S_7
2023-01-01 21:41:06,filed,"""检索""",S_41
2023-01-02 09:00:24,button," ""基因编辑水稻RPA-CRISPR/Cas12b快速检测方法的建立""",S_5
2023-01-04 07:16:05,button,热带水产品中溶藻弧菌重组酶聚合酶等温扩增快速检测方法的建立,S_40
2023-01-04 01:04:12,button,基于CRISPR/Cas12a系统联合重组酶聚合酶扩增的鸭星状病毒2型核酸检测试纸条的制备,S_5
2023-01-01 15:34:32,filed," ""RPA+AI在企业财务领域应用研究及实践""",S_37
2023-01-03 20:43:44,filed,"""搜索""",S_15
2023-01-01 19:57:12,filed,"""搜索""",S_14
2023-01-03 09:16:20,button," ""RPA+AI在企业财务领域应用研究及实践""",S_21
2023-01-02 19:19:29,filed," ""基因编辑水稻RPA-CRISPR/Cas12b快速检测方法的建立""",S_2
2023-01-04 08:17:48,filed,基于RPA-LFD可视化快速检测肺炎克雷伯菌方法的建立及评价,S_13
2023-01-03 09:59:05,filed," ""RPA+AI在企业财务领域应用研究及实践""",S_7
2023-01-02 22:58:16,button," ""RPA+AI在企业财务领域应用研究及实践""",S_48
2023-01-02 00:05:15,filed,"""搜索""",S_46
2023-01-03 06:58:56,filed,基于CRISPR/Cas12a系统联合重组酶聚合酶扩增的鸭星状病毒2型核酸检测试纸条的制备,S_49
2023-01-03 21:26:05,button,热带水产品中溶藻弧菌重组酶聚合酶等温扩增快速检测方法的建立,S_24
2023-01-04 12:46:30,filed,基于RPA-LFD可视化快速检测肺炎克雷伯菌方法的建立及评价,S_49
2023-01-04 16:15:21,button,"""检索""",S_13
2023-01-03 16:15:00,button,"""检索""",S_35
2023-01-02 21:51:12,filed,热带水产品中溶藻弧菌重组酶聚合酶等温扩增快速检测方法的建立,S_49
2023-01-03 03:30:24,filed," ""RPA+AI在企业财务领域应用研究及实践""",S_45
2023-01-02 00:20:51,filed,CRISPR-Cas检测系统在食品供应链中安全防控的应用研究进展,S_35
2023-01-01 13:36:00,filed,CRISPR-Cas检测系统在食品供应链中安全防控的应用研究进展,S_14
2023-01-01 11:55:40,filed,CRISPR-Cas检测系统在食品供应链中安全防控的应用研究进展,S_24
2023-01-04 13:09:54,button," ""RPA+AI在企业财务领域应用研究及实践""",S_47
2023-01-01 13:04:12,filed," ""RPA+AI在企业财务领域应用研究及实践""",S_33
2023-01-01 23:31:20,button," ""RPA+AI在企业财务领域应用研究及实践""",S_5
2023-01-04 01:44:45,button,基于RPA-LFD可视化快速检测肺炎克雷伯菌方法的建立及评价,S_9
2023-01-02 09:47:00,filed,"""搜索""",S_43
2023-01-01 18:30:14,filed,基于CRISPR/Cas12a系统联合重组酶聚合酶扩增的鸭星状病毒2型核酸检测试纸条的制备,S_39
2023-01-02 12:43:44,filed," ""基因编辑水稻RPA-CRISPR/Cas12b快速检测方法的建立""",S_14
2023-01-03 05:18:54,button,"""PDF下载""",S_36
2023-01-03 19:23:44,button,"""PDF下载""",S_36
2023-01-04 02:39:50,button," ""RPA+AI在企业财务领域应用研究及实践""",S_38
2023-01-04 17:07:36,button," ""RPA+AI在企业财务领域应用研究及实践""",S_14
2023-01-04 15:50:52,button,基于RPA-LFD可视化快速检测肺炎克雷伯菌方法的建立及评价,S_32
2023-01-02 16:22:30,filed," ""基因编辑水稻RPA-CRISPR/Cas12b快速检测方法的建立""",S_20
2023-01-02 18:10:03,filed," ""基因编辑水稻RPA-CRISPR/Cas12b快速检测方法的建立""",S_40
2023-01-02 12:44:40,filed,CRISPR-Cas检测系统在食品供应链中安全防控的应用研究进展,S_24
2023-01-03 10:39:10,button,CRISPR-Cas检测系统在食品供应链中安全防控的应用研究进展,S_7
2023-01-02 03:51:54,filed,"""搜索""",S_11
2023-01-02 08:50:33,button,"""检索""",S_43
2023-01-04 04:59:36,filed,CRISPR-Cas检测系统在食品供应链中安全防控的应用研究进展,S_8
2023-01-04 09:38:45,button,"""搜索""",S_35
2023-01-04 15:37:50,button,基于RPA-LFD可视化快速检测肺炎克雷伯菌方法的建立及评价,S_24
2023-01-04 07:08:42,filed,热带水产品中溶藻弧菌重组酶聚合酶等温扩增快速检测方法的建立,S_28
2023-01-02 07:36:48,button,CRISPR-Cas检测系统在食品供应链中安全防控的应用研究进展,S_32
2023-01-04 07:07:16,button,基于RPA-LFD可视化快速检测肺炎克雷伯菌方法的建立及评价,S_15
2023-01-03 09:45:40,filed,热带水产品中溶藻弧菌重组酶聚合酶等温扩增快速检测方法的建立,S_39
2023-01-01 18:28:21,filed,CRISPR-Cas检测系统在食品供应链中安全防控的应用研究进展,S_49
2023-01-01 19:40:28,button,"""检索""",S_17
2023-01-04 07:39:32,filed,"""搜索""",S_12
2023-01-04 11:03:24,button,基于CRISPR/Cas12a系统联合重组酶聚合酶扩增的鸭星状病毒2型核酸检测试纸条的制备,S_33
2023-01-04 11:11:50,button," ""基因编辑水稻RPA-CRISPR/Cas12b快速检测方法的建立""",S_15
2023-01-02 01:07:20,filed,"""搜索""",S_31
2023-01-03 08:28:45,button,"""检索""",S_27
2023-01-03 14:41:48,button,基于CRISPR/Cas12a系统联合重组酶聚合酶扩增的鸭星状病毒2型核酸检测试纸条的制备,S_24
2023-01-04 05:55:13,filed," ""RPA+AI在企业财务领域应用研究及实践""",S_48
2023-01-04 02:36:00,button,"""PDF下载""",S_3
2023-01-03 14:06:00,filed," ""基因编辑水稻RPA-CRISPR/Cas12b快速检测方法的建立""",S_44
2023-01-04 17:45:06,button," ""RPA+AI在企业财务领域应用研究及实践""",S_48
2023-01-04 14:07:54,filed,"""检索""",S_38
2023-01-04 03:50:56,filed,基于CRISPR/Cas12a系统联合重组酶聚合酶扩增的鸭星状病毒2型核酸检测试纸条的制备,S_28
2023-01-05 02:22:45,button,热带水产品中溶藻弧菌重组酶聚合酶等温扩增快速检测方法的建立,S_38
2023-01-01 22:06:18,button," ""基因编辑水稻RPA-CRISPR/Cas12b快速检测方法的建立""",S_22
2023-01-04 08:37:46,filed,热带水产品中溶藻弧菌重组酶聚合酶等温扩增快速检测方法的建立,S_20
2023-01-02 10:20:04,button,热带水产品中溶藻弧菌重组酶聚合酶等温扩增快速检测方法的建立,S_4
2023-01-04 21:42:18,button,基于CRISPR/Cas12a系统联合重组酶聚合酶扩增的鸭星状病毒2型核酸检测试纸条的制备,S_8
2023-01-01 11:49:10,filed,"""搜索""",S_35
2023-01-03 08:21:56,filed,基于RPA-LFD可视化快速检测肺炎克雷伯菌方法的建立及评价,S_38
2023-01-04 17:16:00,button,"""搜索""",S_16
2023-01-04 15:25:01,filed," ""基因编辑水稻RPA-CRISPR/Cas12b快速检测方法的建立""",S_47
2023-01-03 18:56:22,filed," ""基因编辑水稻RPA-CRISPR/Cas12b快速检测方法的建立""",S_39
2023-01-02 14:31:30,button,基于CRISPR/Cas12a系统联合重组酶聚合酶扩增的鸭星状病毒2型核酸检测试纸条的制备,S_16
2023-01-01 18:30:08,button,基于CRISPR/Cas12a系统联合重组酶聚合酶扩增的鸭星状病毒2型核酸检测试纸条的制备,S_33
2023-01-03 05:38:35,filed,"""搜索""",S_5
2023-01-02 09:34:30,button," ""RPA+AI在企业财务领域应用研究及实践""",S_19
2023-01-02 11:47:41,filed,"""PDF下载""",S_13
2023-01-03 22:22:40,button,"""搜索""",S_25
2023-01-03 13:45:45,filed,"""搜索""",S_30
2023-01-01 10:01:46,button," ""基因编辑水稻RPA-CRISPR/Cas12b快速检测方法的建立""",S_22
2023-01-03 00:30:17,filed,"""搜索""",S_44
2023-01-03 21:24:48,button," ""RPA+AI在企业财务领域应用研究及实践""",S_32
2023-01-02 22:08:15,button,CRISPR-Cas检测系统在食品供应链中安全防控的应用研究进展,S_9
2023-01-04 15:04:58,button,"""搜索""",S_39
2023-01-04 07:49:12,filed,CRISPR-Cas检测系统在食品供应链中安全防控的应用研究进展,S_34
2023-01-02 15:04:56,button," ""基因编辑水稻RPA-CRISPR/Cas12b快速检测方法的建立""",S_34
2023-01-03 22:16:26,filed," ""RPA+AI在企业财务领域应用研究及实践""",S_21
2023-01-01 11:48:00,filed," ""基因编辑水稻RPA-CRISPR/Cas12b快速检测方法的建立""",S_3
2023-01-02 08:16:03,filed,基于CRISPR/Cas12a系统联合重组酶聚合酶扩增的鸭星状病毒2型核酸检测试纸条的制备,S_13
2023-01-02 18:28:44,filed,基于RPA-LFD可视化快速检测肺炎克雷伯菌方法的建立及评价,S_47
2023-01-03 15:52:03,filed," ""基因编辑水稻RPA-CRISPR/Cas12b快速检测方法的建立""",S_44
2023-01-03 08:18:42,filed,"""PDF下载""",S_6
2023-01-05 00:10:00,button,"""搜索""",S_36
2023-01-05 06:52:48,button,"""检索""",S_48
2023-01-02 15:44:06,filed," ""基因编辑水稻RPA-CRISPR/Cas12b快速检测方法的建立""",S_3
2023-01-02 00:03:20,filed,基于CRISPR/Cas12a系统联合重组酶聚合酶扩增的鸭星状病毒2型核酸检测试纸条的制备,S_36
2023-01-01 15:04:36,filed," ""RPA+AI在企业财务领域应用研究及实践""",S_10
2023-01-02 12:50:20,button,"""PDF下载""",S_41
2023-01-03 06:57:51,filed," ""RPA+AI在企业财务领域应用研究及实践""",S_10
2023-01-01 22:33:00,button,基于CRISPR/Cas12a系统联合重组酶聚合酶扩增的鸭星状病毒2型核酸检测试纸条的制备,S_29
2023-01-03 11:20:11,button,"""搜索""",S_6
2023-01-04 08:01:36,filed," ""RPA+AI在企业财务领域应用研究及实践""",S_9
2023-01-01 15:38:15,filed,"""搜索""",S_6
2023-01-03 18:36:00,filed,"""PDF下载""",S_47
2023-01-03 15:26:20,filed,基于CRISPR/Cas12a系统联合重组酶聚合酶扩增的鸭星状病毒2型核酸检测试纸条的制备,S_19
2023-01-01 16:39:24,button,基于RPA-LFD可视化快速检测肺炎克雷伯菌方法的建立及评价,S_6
2023-01-03 04:30:08,filed,基于CRISPR/Cas12a系统联合重组酶聚合酶扩增的鸭星状病毒2型核酸检测试纸条的制备,S_43
2023-01-01 11:36:20,filed,基于CRISPR/Cas12a系统联合重组酶聚合酶扩增的鸭星状病毒2型核酸检测试纸条的制备,S_19
2023-01-03 19:35:33,button,"""PDF下载""",S_22
2023-01-04 05:43:28,button,基于CRISPR/Cas12a系统联合重组酶聚合酶扩增的鸭星状病毒2型核酸检测试纸条的制备,S_16
2023-01-04 04:11:42,filed,"""PDF下载""",S_48
2023-01-03 17:15:18,button,"""PDF下载""",S_30
2023-01-03 00:49:25,filed,"""搜索""",S_18
2023-01-02 17:56:20,filed,热带水产品中溶藻弧菌重组酶聚合酶等温扩增快速检测方法的建立,S_9
2023-01-02 03:34:06,button,热带水产品中溶藻弧菌重组酶聚合酶等温扩增快速检测方法的建立,S_42
2023-01-05 06:31:02,filed,"""检索""",S_26
2023-01-05 09:20:15,button,热带水产品中溶藻弧菌重组酶聚合酶等温扩增快速检测方法的建立,S_40
2023-01-03 23:20:00,button,"""搜索""",S_28
2023-01-03 20:56:05,filed,CRISPR-Cas检测系统在食品供应链中安全防控的应用研究进展,S_1
2023-01-04 05:53:56,filed,基于CRISPR/Cas12a系统联合重组酶聚合酶扩增的鸭星状病毒2型核酸检测试纸条的制备,S_10
2023-01-04 23:26:06,filed,热带水产品中溶藻弧菌重组酶聚合酶等温扩增快速检测方法的建立,S_34
2023-01-04 11:09:52,button,"""搜索""",S_1
2023-01-05 10:38:55,button,基于CRISPR/Cas12a系统联合重组酶聚合酶扩增的鸭星状病毒2型核酸检测试纸条的制备,S_20
2023-01-03 22:37:12,button,热带水产品中溶藻弧菌重组酶聚合酶等温扩增快速检测方法的建立,S_36
2023-01-05 09:47:40,button,基于RPA-LFD可视化快速检测肺炎克雷伯菌方法的建立及评价,S_5
2023-01-02 21:19:28,filed,"""检索""",S_15
2023-01-03 21:14:18,filed,"""搜索""",S_26
2023-01-03 01:20:40,filed," ""基因编辑水稻RPA-CRISPR/Cas12b快速检测方法的建立""",S_12
2023-01-05 12:28:32,button,CRISPR-Cas检测系统在食品供应链中安全防控的应用研究进展,S_31
2023-01-04 17:36:00,button,热带水产品中溶藻弧菌重组酶聚合酶等温扩增快速检测方法的建立,S_45
2023-01-03 23:30:49,filed,"""检索""",S_32
2023-01-03 08:26:16,filed,"""PDF下载""",S_23
2023-01-03 09:53:00,filed,热带水产品中溶藻弧菌重组酶聚合酶等温扩增快速检测方法的建立,S_33
2023-01-04 01:42:24,filed,CRISPR-Cas检测系统在食品供应链中安全防控的应用研究进展,S_23
2023-01-03 18:26:37,filed," ""RPA+AI在企业财务领域应用研究及实践""",S_36
2023-01-04 09:38:42,button,"""检索""",S_26
2023-01-03 09:20:53,button," ""基因编辑水稻RPA-CRISPR/Cas12b快速检测方法的建立""",S_20
2023-01-04 05:34:40,filed,"""检索""",S_22
2023-01-01 17:08:33,filed," ""RPA+AI在企业财务领域应用研究及实践""",S_41
2023-01-03 14:04:46,button,热带水产品中溶藻弧菌重组酶聚合酶等温扩增快速检测方法的建立,S_14
2023-01-02 14:48:14,filed,"""检索""",S_45
2023-01-02 12:56:48,button,"""PDF下载""",S_27
2023-01-02 15:15:00,filed,"""PDF下载""",S_5
2023-01-02 22:15:20,filed,"""检索""",S_14
2023-01-03 12:15:00,filed,"""搜索""",S_18
2023-01-05 03:24:32,button," ""RPA+AI在企业财务领域应用研究及实践""",S_10
2023-01-03 21:30:08,button,热带水产品中溶藻弧菌重组酶聚合酶等温扩增快速检测方法的建立,S_41
2023-01-01 14:18:00,button,基于CRISPR/Cas12a系统联合重组酶聚合酶扩增的鸭星状病毒2型核酸检测试纸条的制备,S_31
2023-01-02 13:26:48,button," ""RPA+AI在企业财务领域应用研究及实践""",S_46
2023-01-05 06:26:56,filed,CRISPR-Cas检测系统在食品供应链中安全防控的应用研究进展,S_6
2023-01-03 01:50:54,button,"""检索""",S_5
2023-01-04 00:59:06,filed,基于CRISPR/Cas12a系统联合重组酶聚合酶扩增的鸭星状病毒2型核酸检测试纸条的制备,S_45
2023-01-05 01:04:35,button,CRISPR-Cas检测系统在食品供应链中安全防控的应用研究进展,S_34
2023-01-04 14:47:36,button,CRISPR-Cas检测系统在食品供应链中安全防控的应用研究进展,S_12
2023-01-02 21:09:30,filed," ""基因编辑水稻RPA-CRISPR/Cas12b快速检测方法的建立""",S_1
2023-01-04 23:00:58,button," ""基因编辑水稻RPA-CRISPR/Cas12b快速检测方法的建立""",S_50
2023-01-04 06:28:03,button," ""基因编辑水稻RPA-CRISPR/Cas12b快速检测方法的建立""",S_8
2023-01-02 17:14:40,filed," ""RPA+AI在企业财务领域应用研究及实践""",S_27
2023-01-05 08:19:41,filed,基于RPA-LFD可视化快速检测肺炎克雷伯菌方法的建立及评价,S_44
2023-01-04 16:15:00,filed,基于RPA-LFD可视化快速检测肺炎克雷伯菌方法的建立及评价,S_48
2023-01-03 14:17:52,button,基于RPA-LFD可视化快速检测肺炎克雷伯菌方法的建立及评价,S_42
2023-01-03 21:43:00,filed,CRISPR-Cas检测系统在食品供应链中安全防控的应用研究进展,S_38
2023-01-02 21:37:30,button,"""搜索""",S_30
2023-01-04 11:22:00,filed,热带水产品中溶藻弧菌重组酶聚合酶等温扩增快速检测方法的建立,S_10
2023-01-04 16:41:43,filed,热带水产品中溶藻弧菌重组酶聚合酶等温扩增快速检测方法的建立,S_27
2023-01-02 20:10:48,filed,热带水产品中溶藻弧菌重组酶聚合酶等温扩增快速检测方法的建立,S_36
2023-01-05 06:06:18,button," ""基因编辑水稻RPA-CRISPR/Cas12b快速检测方法的建立""",S_32
2023-01-04 06:14:10,button," ""RPA+AI在企业财务领域应用研究及实践""",S_20
2023-01-03 07:33:33,button,"""搜索""",S_49
2023-01-02 13:53:00,button,"""搜索""",S_4
2023-01-04 00:34:28,filed,"""搜索""",S_28
2023-01-03 02:08:48,button,CRISPR-Cas检测系统在食品供应链中安全防控的应用研究进展,S_45
2023-01-03 18:57:00,button,基于CRISPR/Cas12a系统联合重组酶聚合酶扩增的鸭星状病毒2型核酸检测试纸条的制备,S_3
2023-01-05 17:08:32,filed,热带水产品中溶藻弧菌重组酶聚合酶等温扩增快速检测方法的建立,S_17
2023-01-03 05:48:27,filed,热带水产品中溶藻弧菌重组酶聚合酶等温扩增快速检测方法的建立,S_7
2023-01-02 15:48:12,filed,"""PDF下载""",S_5
2023-01-02 15:51:06,button,"""搜索""",S_12
2023-01-03 19:02:00,button,基于RPA-LFD可视化快速检测肺炎克雷伯菌方法的建立及评价,S_45
2023-01-02 11:32:30,filed,热带水产品中溶藻弧菌重组酶聚合酶等温扩增快速检测方法的建立,S_31
2023-01-03 01:11:28,filed," ""基因编辑水稻RPA-CRISPR/Cas12b快速检测方法的建立""",S_30
2023-01-05 16:47:27,button,CRISPR-Cas检测系统在食品供应链中安全防控的应用研究进展,S_27
2023-01-02 02:26:40,filed,热带水产品中溶藻弧菌重组酶聚合酶等温扩增快速检测方法的建立,S_36
2023-01-04 13:01:45,button,"""检索""",S_15
2023-01-05 15:47:06,filed,"""检索""",S_11
2023-01-05 07:02:51,button,"""搜索""",S_41
2023-01-02 18:30:48,filed," ""RPA+AI在企业财务领域应用研究及实践""",S_22
2023-01-02 15:35:30,button,基于RPA-LFD可视化快速检测肺炎克雷伯菌方法的建立及评价,S_10
2023-01-03 13:24:50,button,CRISPR-Cas检测系统在食品供应链中安全防控的应用研究进展,S_9
2023-01-01 09:51:50,filed,"""检索""",S_29
2023-01-04 05:26:24,filed,"""搜索""",S_33
2023-01-04 16:23:10,button," ""RPA+AI在企业财务领域应用研究及实践""",S_19
2023-01-05 14:47:06,button,"""检索""",S_49
2023-01-02 03:18:45,filed," ""RPA+AI在企业财务领域应用研究及实践""",S_25
2023-01-03 01:52:28,button," ""RPA+AI在企业财务领域应用研究及实践""",S_12
2023-01-03 08:31:06,filed,热带水产品中溶藻弧菌重组酶聚合酶等温扩增快速检测方法的建立,S_22
2023-01-02 04:20:24,filed,基于RPA-LFD可视化快速检测肺炎克雷伯菌方法的建立及评价,S_36
2023-01-03 11:18:08,filed,基于RPA-LFD可视化快速检测肺炎克雷伯菌方法的建立及评价,S_8
2023-01-03 00:48:00,button,"""搜索""",S_18
2023-01-03 00:06:12,filed,"""PDF下载""",S_31
2023-01-03 02:37:30,filed,"""检索""",S_40
2023-01-04 12:27:29,button,"""PDF下载""",S_17
2023-01-03 23:16:12,button,"""PDF下载""",S_45
2023-01-03 01:06:00,button,"""搜索""",S_40
2023-01-02 00:57:34,button,基于CRISPR/Cas12a系统联合重组酶聚合酶扩增的鸭星状病毒2型核酸检测试纸条的制备,S_28
2023-01-01 19:38:27,button,热带水产品中溶藻弧菌重组酶聚合酶等温扩增快速检测方法的建立,S_19
2023-01-01 10:06:08,button," ""RPA+AI在企业财务领域应用研究及实践""",S_34
2023-01-04 07:23:17,button,热带水产品中溶藻弧菌重组酶聚合酶等温扩增快速检测方法的建立,S_14
2023-01-05 13:00:30,button,"""搜索""",S_39
2023-01-05 06:37:43,button,"""检索""",S_37
2023-01-05 07:43:36,button," ""RPA+AI在企业财务领域应用研究及实践""",S_46
2023-01-02 00:21:45,button,热带水产品中溶藻弧菌重组酶聚合酶等温扩增快速检测方法的建立,S_28
2023-01-03 19:34:06,button,"""搜索""",S_38
2023-01-03 00:55:40,filed," ""RPA+AI在企业财务领域应用研究及实践""",S_21
2023-01-05 03:15:12,filed,基于CRISPR/Cas12a系统联合重组酶聚合酶扩增的鸭星状病毒2型核酸检测试纸条的制备,S_4
2023-01-03 08:24:10,button," ""基因编辑水稻RPA-CRISPR/Cas12b快速检测方法的建立""",S_26
2023-01-05 04:40:44,filed," ""基因编辑水稻RPA-CRISPR/Cas12b快速检测方法的建立""",S_21
2023-01-02 12:20:54,filed,CRISPR-Cas检测系统在食品供应链中安全防控的应用研究进展,S_34
2023-01-05 03:35:00,button,基于RPA-LFD可视化快速检测肺炎克雷伯菌方法的建立及评价,S_37
2023-01-03 23:40:27,filed,"""检索""",S_33
2023-01-01 10:55:30,button,CRISPR-Cas检测系统在食品供应链中安全防控的应用研究进展,S_43
2023-01-03 05:29:59,filed," ""RPA+AI在企业财务领域应用研究及实践""",S_7
2023-01-04 04:03:12,filed,"""搜索""",S_22
2023-01-04 18:26:45,button," ""RPA+AI在企业财务领域应用研究及实践""",S_4
2023-01-04 01:06:32,button," ""RPA+AI在企业财务领域应用研究及实践""",S_43
2023-01-05 01:21:25,filed,基于CRISPR/Cas12a系统联合重组酶聚合酶扩增的鸭星状病毒2型核酸检测试纸条的制备,S_27
2023-01-05 09:44:36,button,CRISPR-Cas检测系统在食品供应链中安全防控的应用研究进展,S_4
2023-01-02 23:46:58,filed,基于RPA-LFD可视化快速检测肺炎克雷伯菌方法的建立及评价,S_30
2023-01-02 16:08:50,filed,"""搜索""",S_17
2023-01-01 23:12:27,button,CRISPR-Cas检测系统在食品供应链中安全防控的应用研究进展,S_1
2023-01-03 21:06:48,filed," ""基因编辑水稻RPA-CRISPR/Cas12b快速检测方法的建立""",S_28
2023-01-05 11:13:33,button,"""搜索""",S_3
2023-01-04 18:42:18,button,"""PDF下载""",S_19
2023-01-05 07:20:00,button," ""基因编辑水稻RPA-CRISPR/Cas12b快速检测方法的建立""",S_24
2023-01-05 09:39:16,filed,"""PDF下载""",S_36
2023-01-03 03:25:06,filed," ""基因编辑水稻RPA-CRISPR/Cas12b快速检测方法的建立""",S_48
2023-01-04 17:22:24,button,"""PDF下载""",S_9
2023-01-06 05:14:13,filed,CRISPR-Cas检测系统在食品供应链中安全防控的应用研究进展,S_49
2023-01-04 02:48:00,filed,热带水产品中溶藻弧菌重组酶聚合酶等温扩增快速检测方法的建立,S_26
2023-01-05 19:44:58,filed,"""PDF下载""",S_8
2023-01-01 21:38:16,filed,热带水产品中溶藻弧菌重组酶聚合酶等温扩增快速检测方法的建立,S_46
2023-01-06 05:41:18,button,基于CRISPR/Cas12a系统联合重组酶聚合酶扩增的鸭星状病毒2型核酸检测试纸条的制备,S_11
2023-01-02 10:56:56,button," ""基因编辑水稻RPA-CRISPR/Cas12b快速检测方法的建立""",S_30
2023-01-01 18:52:30,filed,基于RPA-LFD可视化快速检测肺炎克雷伯菌方法的建立及评价,S_46
2023-01-04 11:01:12,button,"""检索""",S_42
2023-01-02 08:01:53,filed,基于CRISPR/Cas12a系统联合重组酶聚合酶扩增的鸭星状病毒2型核酸检测试纸条的制备,S_4
2023-01-02 03:24:48,filed," ""RPA+AI在企业财务领域应用研究及实践""",S_20
2023-01-06 03:01:12,button,"""搜索""",S_2
2023-01-02 19:29:10,button,"""检索""",S_22
2023-01-05 05:36:31,button,"""PDF下载""",S_8
2023-01-01 14:18:12,button,基于RPA-LFD可视化快速检测肺炎克雷伯菌方法的建立及评价,S_15
2023-01-01 12:04:20,filed," ""基因编辑水稻RPA-CRISPR/Cas12b快速检测方法的建立""",S_37
2023-01-06 01:46:12,filed,热带水产品中溶藻弧菌重组酶聚合酶等温扩增快速检测方法的建立,S_27
2023-01-03 22:04:00,button,"""PDF下载""",S_28
2023-01-04 09:48:16,button," ""基因编辑水稻RPA-CRISPR/Cas12b快速检测方法的建立""",S_24
2023-01-05 03:18:22,button,基于CRISPR/Cas12a系统联合重组酶聚合酶扩增的鸭星状病毒2型核酸检测试纸条的制备,S_35
2023-01-04 22:18:18,button,CRISPR-Cas检测系统在食品供应链中安全防控的应用研究进展,S_25
2023-01-03 04:08:05,button," ""RPA+AI在企业财务领域应用研究及实践""",S_50
2023-01-03 12:12:40,filed,热带水产品中溶藻弧菌重组酶聚合酶等温扩增快速检测方法的建立,S_50
2023-01-05 16:58:30,filed," ""RPA+AI在企业财务领域应用研究及实践""",S_4
2023-01-04 23:11:06,button,"""检索""",S_48
2023-01-04 16:17:07,filed," ""RPA+AI在企业财务领域应用研究及实践""",S_15
2023-01-04 23:25:12,button,"""PDF下载""",S_18
2023-01-05 05:44:45,button,热带水产品中溶藻弧菌重组酶聚合酶等温扩增快速检测方法的建立,S_44
2023-01-04 00:14:20,filed,热带水产品中溶藻弧菌重组酶聚合酶等温扩增快速检测方法的建立,S_40
2023-01-05 18:01:57,button,"""搜索""",S_14
2023-01-03 11:06:48,button,基于CRISPR/Cas12a系统联合重组酶聚合酶扩增的鸭星状病毒2型核酸检测试纸条的制备,S_7
2023-01-03 15:33:03,button,"""PDF下载""",S_32
2023-01-05 11:22:30,button,"""PDF下载""",S_8
2023-01-02 14:14:55,filed," ""RPA+AI在企业财务领域应用研究及实践""",S_12
2023-01-03 20:47:12,button,CRISPR-Cas检测系统在食品供应链中安全防控的应用研究进展,S_26
2023-01-03 09:21:48,button,CRISPR-Cas检测系统在食品供应链中安全防控的应用研究进展,S_40
2023-01-04 07:12:40,filed,基于CRISPR/Cas12a系统联合重组酶聚合酶扩增的鸭星状病毒2型核酸检测试纸条的制备,S_39
2023-01-01 17:26:15,button,"""搜索""",S_44
2023-01-02 18:26:24,filed,"""搜索""",S_16
2023-01-01 12:37:34,button,热带水产品中溶藻弧菌重组酶聚合酶等温扩增快速检测方法的建立,S_45
2023-01-03 21:41:34,filed,基于RPA-LFD可视化快速检测肺炎克雷伯菌方法的建立及评价,S_41
2023-01-05 23:44:30,filed,"""检索""",S_44
2023-01-06 09:48:40,button,"""检索""",S_8
2023-01-06 10:10:58,button,热带水产品中溶藻弧菌重组酶聚合酶等温扩增快速检测方法的建立,S_26
2023-01-06 12:53:00,button," ""基因编辑水稻RPA-CRISPR/Cas12b快速检测方法的建立""",S_11
2023-01-05 05:02:37,button,CRISPR-Cas检测系统在食品供应链中安全防控的应用研究进展,S_43
2023-01-04 11:33:04,button,"""PDF下载""",S_10
2023-01-02 05:27:45,button," ""RPA+AI在企业财务领域应用研究及实践""",S_20
2023-01-04 06:13:00,button,"""搜索""",S_35
2023-01-01 18:26:23,button,"""检索""",S_3
2023-01-06 01:55:12,filed,"""搜索""",S_39
2023-01-06 08:28:36,filed," ""基因编辑水稻RPA-CRISPR/Cas12b快速检测方法的建立""",S_16
2023-01-04 19:37:50,filed," ""基因编辑水稻RPA-CRISPR/Cas12b快速检测方法的建立""",S_45
2023-01-06 15:51:27,filed," ""RPA+AI在企业财务领域应用研究及实践""",S_49
2023-01-03 08:27:52,filed," ""RPA+AI在企业财务领域应用研究及实践""",S_48
2023-01-06 08:40:26,button,基于RPA-LFD可视化快速检测肺炎克雷伯菌方法的建立及评价,S_32
2023-01-04 15:20:06,filed,"""PDF下载""",S_17
2023-01-02 22:32:05,filed,基于CRISPR/Cas12a系统联合重组酶聚合酶扩增的鸭星状病毒2型核酸检测试纸条的制备,S_14
2023-01-05 23:26:32,filed,"""检索""",S_46
2023-01-05 18:24:21,button,热带水产品中溶藻弧菌重组酶聚合酶等温扩增快速检测方法的建立,S_44
2023-01-06 08:48:22,filed,基于RPA-LFD可视化快速检测肺炎克雷伯菌方法的建立及评价,S_31
2023-01-06 16:32:06,button," ""基因编辑水稻RPA-CRISPR/Cas12b快速检测方法的建立""",S_36
2023-01-05 20:07:00,button,"""检索""",S_3
2023-01-05 13:57:50,filed,基于RPA-LFD可视化快速检测肺炎克雷伯菌方法的建立及评价,S_38
2023-01-02 08:45:48,button," ""基因编辑水稻RPA-CRISPR/Cas12b快速检测方法的建立""",S_22
2023-01-04 12:07:30,filed,CRISPR-Cas检测系统在食品供应链中安全防控的应用研究进展,S_6
2023-01-02 15:47:44,button,"""搜索""",S_4
2023-01-02 14:31:40,filed,CRISPR-Cas检测系统在食品供应链中安全防控的应用研究进展,S_35
2023-01-01 13:01:18,button,"""PDF下载""",S_31
2023-01-03 08:45:01,filed,基于CRISPR/Cas12a系统联合重组酶聚合酶扩增的鸭星状病毒2型核酸检测试纸条的制备,S_12
2023-01-05 17:56:32,button,热带水产品中溶藻弧菌重组酶聚合酶等温扩增快速检测方法的建立,S_43
2023-01-02 21:54:57,button," ""RPA+AI在企业财务领域应用研究及实践""",S_31
2023-01-03 17:16:30,filed,基于RPA-LFD可视化快速检测肺炎克雷伯菌方法的建立及评价,S_50
2023-01-04 10:42:20,button,"""检索""",S_32
2023-01-01 23:50:24,filed," ""基因编辑水稻RPA-CRISPR/Cas12b快速检测方法的建立""",S_7
2023-01-03 06:28:43,filed,CRISPR-Cas检测系统在食品供应链中安全防控的应用研究进展,S_4
2023-01-03 06:45:28,button,基于CRISPR/Cas12a系统联合重组酶聚合酶扩增的鸭星状病毒2型核酸检测试纸条的制备,S_28
2023-01-06 13:39:15,button,CRISPR-Cas检测系统在食品供应链中安全防控的应用研究进展,S_10
2023-01-04 15:09:28,button,基于CRISPR/Cas12a系统联合重组酶聚合酶扩增的鸭星状病毒2型核酸检测试纸条的制备,S_34
2023-01-05 18:29:17,filed,"""检索""",S_29
2023-01-04 19:07:30,button,"""PDF下载""",S_16
2023-01-05 03:26:28,filed,"""检索""",S_34
2023-01-05 02:53:20,button," ""RPA+AI在企业财务领域应用研究及实践""",S_14
2023-01-01 11:46:57,filed,热带水产品中溶藻弧菌重组酶聚合酶等温扩增快速检测方法的建立,S_24
2023-01-05 02:00:08,filed,CRISPR-Cas检测系统在食品供应链中安全防控的应用研究进展,S_30
2023-01-01 17:48:52,button,"""搜索""",S_2
2023-01-03 03:59:48,button,基于RPA-LFD可视化快速检测肺炎克雷伯菌方法的建立及评价,S_19
2023-01-03 23:03:30,filed,"""检索""",S_12
2023-01-04 02:02:50,button," ""RPA+AI在企业财务领域应用研究及实践""",S_50
2023-01-01 23:28:03,button,热带水产品中溶藻弧菌重组酶聚合酶等温扩增快速检测方法的建立,S_10
2023-01-04 10:04:00,button,"""PDF下载""",S_12
2023-01-03 18:39:09,button," ""RPA+AI在企业财务领域应用研究及实践""",S_17
2023-01-06 07:15:00,button,热带水产品中溶藻弧菌重组酶聚合酶等温扩增快速检测方法的建立,S_38
2023-01-05 03:54:48,filed," ""RPA+AI在企业财务领域应用研究及实践""",S_19
2023-01-05 15:45:20,button,基于RPA-LFD可视化快速检测肺炎克雷伯菌方法的建立及评价,S_32
2023-01-06 13:20:15,filed," ""基因编辑水稻RPA-CRISPR/Cas12b快速检测方法的建立""",S_30
2023-01-02 12:42:58,button,"""检索""",S_29
2023-01-01 19:46:20,filed,热带水产品中溶藻弧菌重组酶聚合酶等温扩增快速检测方法的建立,S_31
2023-01-04 05:21:36,filed," ""基因编辑水稻RPA-CRISPR/Cas12b快速检测方法的建立""",S_7
2023-01-06 23:56:23,button,热带水产品中溶藻弧菌重组酶聚合酶等温扩增快速检测方法的建立,S_7
2023-01-03 00:54:00,button,"""PDF下载""",S_19
2023-01-03 18:41:42,filed,CRISPR-Cas检测系统在食品供应链中安全防控的应用研究进展,S_4
2023-01-03 08:44:40,button,基于CRISPR/Cas12a系统联合重组酶聚合酶扩增的鸭星状病毒2型核酸检测试纸条的制备,S_38
2023-01-06 11:36:22,filed,热带水产品中溶藻弧菌重组酶聚合酶等温扩增快速检测方法的建立,S_40
2023-01-03 13:39:30,filed,"""PDF下载""",S_22
2023-01-04 13:02:31,button," ""基因编辑水稻RPA-CRISPR/Cas12b快速检测方法的建立""",S_9
2023-01-06 02:54:08,button," ""基因编辑水稻RPA-CRISPR/Cas12b快速检测方法的建立""",S_30
2023-01-02 06:13:45,button,基于RPA-LFD可视化快速检测肺炎克雷伯菌方法的建立及评价,S_48
2023-01-03 14:36:28,button,CRISPR-Cas检测系统在食品供应链中安全防控的应用研究进展,S_31
2023-01-05 15:08:43,button,基于RPA-LFD可视化快速检测肺炎克雷伯菌方法的建立及评价,S_47
2023-01-05 13:39:36,filed,热带水产品中溶藻弧菌重组酶聚合酶等温扩增快速检测方法的建立,S_25
2023-01-06 18:47:52,filed,"""检索""",S_44
2023-01-04 10:55:50,filed,"""搜索""",S_19
2023-01-03 09:10:03,button," ""RPA+AI在企业财务领域应用研究及实践""",S_13
2023-01-05 11:22:40,filed,"""PDF下载""",S_7
2023-01-02 23:34:03,button,"""搜索""",S_42
2023-01-06 00:07:36,filed,热带水产品中溶藻弧菌重组酶聚合酶等温扩增快速检测方法的建立,S_40
2023-01-02 01:23:45,filed,"""检索""",S_24
2023-01-01 12:10:48,filed,"""搜索""",S_30
2023-01-02 07:01:03,button,基于RPA-LFD可视化快速检测肺炎克雷伯菌方法的建立及评价,S_33
2023-01-05 23:02:06,button,基于CRISPR/Cas12a系统联合重组酶聚合酶扩增的鸭星状病毒2型核酸检测试纸条的制备,S_21
2023-01-04 02:39:14,button,CRISPR-Cas检测系统在食品供应链中安全防控的应用研究进展,S_5
2023-01-06 06:32:00,button,基于RPA-LFD可视化快速检测肺炎克雷伯菌方法的建立及评价,S_8
2023-01-02 04:47:29,filed,基于RPA-LFD可视化快速检测肺炎克雷伯菌方法的建立及评价,S_31
2023-01-04 04:31:46,button,基于CRISPR/Cas12a系统联合重组酶聚合酶扩增的鸭星状病毒2型核酸检测试纸条的制备,S_8
2023-01-03 13:23:24,filed,基于RPA-LFD可视化快速检测肺炎克雷伯菌方法的建立及评价,S_5
2023-01-04 17:49:16,filed,"""检索""",S_43
2023-01-03 11:52:25,filed,"""PDF下载""",S_42
2023-01-02 12:26:06,filed,基于RPA-LFD可视化快速检测肺炎克雷伯菌方法的建立及评价,S_1
2023-01-01 17:10:33,filed," ""RPA+AI在企业财务领域应用研究及实践""",S_36
2023-01-03 10:24:32,button,热带水产品中溶藻弧菌重组酶聚合酶等温扩增快速检测方法的建立,S_15
2023-01-05 20:43:09,button,"""搜索""",S_2
2023-01-06 21:24:10,button,"""检索""",S_39
2023-01-06 22:16:08,button,CRISPR-Cas检测系统在食品供应链中安全防控的应用研究进展,S_45
2023-01-07 00:19:12,button,"""检索""",S_31
2023-01-03 00:45:16,filed,"""搜索""",S_42
2023-01-02 20:46:10,filed,热带水产品中溶藻弧菌重组酶聚合酶等温扩增快速检测方法的建立,S_23
2023-01-06 16:00:45,button,"""搜索""",S_1
2023-01-01 14:53:44,filed,"""PDF下载""",S_25
2023-01-02 16:51:06,filed,"""检索""",S_25
2023-01-03 16:57:42,filed,基于CRISPR/Cas12a系统联合重组酶聚合酶扩增的鸭星状病毒2型核酸检测试纸条的制备,S_50
2023-01-03 14:09:53,filed," ""RPA+AI在企业财务领域应用研究及实践""",S_33
2023-01-02 04:04:00,button,基于CRISPR/Cas12a系统联合重组酶聚合酶扩增的鸭星状病毒2型核酸检测试纸条的制备,S_44
2023-01-06 20:15:33,filed,基于RPA-LFD可视化快速检测肺炎克雷伯菌方法的建立及评价,S_38
2023-01-05 23:49:14,filed,基于CRISPR/Cas12a系统联合重组酶聚合酶扩增的鸭星状病毒2型核酸检测试纸条的制备,S_47
2023-01-05 04:03:12,filed," ""RPA+AI在企业财务领域应用研究及实践""",S_30
2023-01-05 08:28:48,filed,"""搜索""",S_9
2023-01-04 20:05:50,button,CRISPR-Cas检测系统在食品供应链中安全防控的应用研究进展,S_31
2023-01-02 17:40:40,filed," ""基因编辑水稻RPA-CRISPR/Cas12b快速检测方法的建立""",S_18
2023-01-06 04:33:48,filed," ""RPA+AI在企业财务领域应用研究及实践""",S_2
2023-01-06 06:52:04,filed,"""搜索""",S_6
2023-01-06 00:58:12,filed,CRISPR-Cas检测系统在食品供应链中安全防控的应用研究进展,S_31
2023-01-07 00:32:30,filed,基于CRISPR/Cas12a系统联合重组酶聚合酶扩增的鸭星状病毒2型核酸检测试纸条的制备,S_26
2023-01-02 12:47:29,filed,"""检索""",S_6
2023-01-05 15:54:48,filed,基于RPA-LFD可视化快速检测肺炎克雷伯菌方法的建立及评价,S_23
2023-01-03 17:57:27,filed,基于RPA-LFD可视化快速检测肺炎克雷伯菌方法的建立及评价,S_34
2023-01-03 23:21:54,button,基于RPA-LFD可视化快速检测肺炎克雷伯菌方法的建立及评价,S_31
2023-01-03 03:59:35,button,"""检索""",S_11
2023-01-03 02:20:24,filed,热带水产品中溶藻弧菌重组酶聚合酶等温扩增快速检测方法的建立,S_17
2023-01-05 07:29:44,filed,热带水产品中溶藻弧菌重组酶聚合酶等温扩增快速检测方法的建立,S_28
2023-01-06 22:52:14,filed,热带水产品中溶藻弧菌重组酶聚合酶等温扩增快速检测方法的建立,S_9
2023-01-05 16:15:33,button,基于RPA-LFD可视化快速检测肺炎克雷伯菌方法的建立及评价,S_49
2023-01-02 16:30:40,button,"""PDF下载""",S_3
2023-01-07 00:18:37,filed,"""检索""",S_12
2023-01-07 01:26:42,filed,"""搜索""",S_2
2023-01-03 16:24:50,button," ""RPA+AI在企业财务领域应用研究及实践""",S_26
2023-01-04 14:05:12,filed,"""搜索""",S_45
2023-01-03 06:42:30,button,基于RPA-LFD可视化快速检测肺炎克雷伯菌方法的建立及评价,S_10
2023-01-03 05:46:36,filed,基于RPA-LFD可视化快速检测肺炎克雷伯菌方法的建立及评价,S_27
2023-01-05 14:44:39,filed,"""搜索""",S_30
2023-01-06 11:34:48,filed,"""搜索""",S_47
2023-01-07 05:00:19,button,"""检索""",S_40
2023-01-02 13:40:00,filed," ""基因编辑水稻RPA-CRISPR/Cas12b快速检测方法的建立""",S_4
2023-01-04 05:32:51,filed," ""基因编辑水稻RPA-CRISPR/Cas12b快速检测方法的建立""",S_33
2023-01-07 04:29:24,filed,热带水产品中溶藻弧菌重组酶聚合酶等温扩增快速检测方法的建立,S_19
2023-01-05 23:07:44,button," ""基因编辑水稻RPA-CRISPR/Cas12b快速检测方法的建立""",S_35
2023-01-06 09:11:12,filed,"""搜索""",S_42
2023-01-04 06:51:15,filed,基于CRISPR/Cas12a系统联合重组酶聚合酶扩增的鸭星状病毒2型核酸检测试纸条的制备,S_50
2023-01-02 07:23:44,button,基于CRISPR/Cas12a系统联合重组酶聚合酶扩增的鸭星状病毒2型核酸检测试纸条的制备,S_29
2023-01-03 10:49:48,button," ""基因编辑水稻RPA-CRISPR/Cas12b快速检测方法的建立""",S_4
2023-01-04 05:35:42,filed,"""PDF下载""",S_43
2023-01-04 20:24:22,filed,基于CRISPR/Cas12a系统联合重组酶聚合酶扩增的鸭星状病毒2型核酸检测试纸条的制备,S_38
2023-01-07 07:00:00,button,CRISPR-Cas检测系统在食品供应链中安全防控的应用研究进展,S_34
2023-01-02 09:46:43,button,基于CRISPR/Cas12a系统联合重组酶聚合酶扩增的鸭星状病毒2型核酸检测试纸条的制备,S_49
2023-01-01 14:15:50,filed," ""基因编辑水稻RPA-CRISPR/Cas12b快速检测方法的建立""",S_50
2023-01-04 05:28:51,button,基于CRISPR/Cas12a系统联合重组酶聚合酶扩增的鸭星状病毒2型核酸检测试纸条的制备,S_40
2023-01-04 21:22:40,filed,"""搜索""",S_45
2023-01-07 04:46:40,filed," ""基因编辑水稻RPA-CRISPR/Cas12b快速检测方法的建立""",S_16
2023-01-02 15:27:30,button," ""基因编辑水稻RPA-CRISPR/Cas12b快速检测方法的建立""",S_17
2023-01-02 08:26:19,filed,"""PDF下载""",S_10
2023-01-06 03:46:12,filed,"""检索""",S_35
2023-01-06 06:55:39,filed,CRISPR-Cas检测系统在食品供应链中安全防控的应用研究进展,S_16
2023-01-06 22:59:00,button,"""搜索""",S_33
2023-01-02 14:52:22,button,"""搜索""",S_17
2023-01-07 07:38:24,button,CRISPR-Cas检测系统在食品供应链中安全防控的应用研究进展,S_29
2023-01-01 12:18:41,filed,基于CRISPR/Cas12a系统联合重组酶聚合酶扩增的鸭星状病毒2型核酸检测试纸条的制备,S_45
2023-01-07 08:12:32,button,"""检索""",S_25
2023-01-05 01:58:30,filed,热带水产品中溶藻弧菌重组酶聚合酶等温扩增快速检测方法的建立,S_30
2023-01-04 00:22:28,button,基于RPA-LFD可视化快速检测肺炎克雷伯菌方法的建立及评价,S_36
2023-01-06 19:56:46,button,CRISPR-Cas检测系统在食品供应链中安全防控的应用研究进展,S_38
2023-01-03 18:08:24,filed,"""PDF下载""",S_14
2023-01-06 09:30:44,button,热带水产品中溶藻弧菌重组酶聚合酶等温扩增快速检测方法的建立,S_23
2023-01-05 02:43:20,button,"""PDF下载""",S_26
2023-01-02 15:43:24,button," ""RPA+AI在企业财务领域应用研究及实践""",S_13
2023-01-05 01:53:42,filed," ""基因编辑水稻RPA-CRISPR/Cas12b快速检测方法的建立""",S_1
2023-01-04 10:05:47,filed,基于CRISPR/Cas12a系统联合重组酶聚合酶扩增的鸭星状病毒2型核酸检测试纸条的制备,S_2
2023-01-06 14:01:24,filed,"""搜索""",S_15
2023-01-02 17:55:00,button,"""PDF下载""",S_45
2023-01-02 19:29:48,filed," ""基因编辑水稻RPA-CRISPR/Cas12b快速检测方法的建立""",S_2
2023-01-03 09:57:18,button,"""搜索""",S_27
2023-01-06 07:36:32,filed,"""PDF下载""",S_42
2023-01-05 18:03:39,filed,基于RPA-LFD可视化快速检测肺炎克雷伯菌方法的建立及评价,S_23
2023-01-01 21:10:30,button,基于CRISPR/Cas12a系统联合重组酶聚合酶扩增的鸭星状病毒2型核酸检测试纸条的制备,S_25
2023-01-06 14:27:39,button," ""基因编辑水稻RPA-CRISPR/Cas12b快速检测方法的建立""",S_38
2023-01-03 19:17:08,button,热带水产品中溶藻弧菌重组酶聚合酶等温扩增快速检测方法的建立,S_16
2023-01-04 23:04:48,button,"""PDF下载""",S_8
2023-01-06 14:20:58,button,基于RPA-LFD可视化快速检测肺炎克雷伯菌方法的建立及评价,S_41
2023-01-06 08:46:15,button," ""基因编辑水稻RPA-CRISPR/Cas12b快速检测方法的建立""",S_7
2023-01-05 08:58:48,filed," ""RPA+AI在企业财务领域应用研究及实践""",S_32
2023-01-07 01:41:13,button,热带水产品中溶藻弧菌重组酶聚合酶等温扩增快速检测方法的建立,S_39
2023-01-01 18:40:58,button,热带水产品中溶藻弧菌重组酶聚合酶等温扩增快速检测方法的建立,S_42
2023-01-05 10:35:42,button," ""RPA+AI在企业财务领域应用研究及实践""",S_50
2023-01-04 17:59:20,button,"""PDF下载""",S_30
2023-01-07 09:04:15,filed," ""基因编辑水稻RPA-CRISPR/Cas12b快速检测方法的建立""",S_25
2023-01-06 00:31:00,button,基于CRISPR/Cas12a系统联合重组酶聚合酶扩增的鸭星状病毒2型核酸检测试纸条的制备,S_5
2023-01-06 14:46:52,button,基于CRISPR/Cas12a系统联合重组酶聚合酶扩增的鸭星状病毒2型核酸检测试纸条的制备,S_15
2023-01-04 14:24:16,button,"""检索""",S_44
2023-01-05 20:09:00,filed,"""PDF下载""",S_37
2023-01-02 10:00:54,button,热带水产品中溶藻弧菌重组酶聚合酶等温扩增快速检测方法的建立,S_44
2023-01-02 03:43:45,button,基于CRISPR/Cas12a系统联合重组酶聚合酶扩增的鸭星状病毒2型核酸检测试纸条的制备,S_39
2023-01-01 20:38:24,filed,"""搜索""",S_36
2023-01-01 22:29:55,button," ""RPA+AI在企业财务领域应用研究及实践""",S_37
2023-01-02 16:59:10,filed," ""基因编辑水稻RPA-CRISPR/Cas12b快速检测方法的建立""",S_14
2023-01-03 03:03:33,filed,基于RPA-LFD可视化快速检测肺炎克雷伯菌方法的建立及评价,S_14
2023-01-04 08:27:28,filed,"""搜索""",S_17
2023-01-02 23:58:23,button,CRISPR-Cas检测系统在食品供应链中安全防控的应用研究进展,S_20
2023-01-05 14:49:12,filed,"""检索""",S_33
2023-01-04 11:52:10,button,"""搜索""",S_35
2023-01-01 23:56:00,button,"""PDF下载""",S_20
2023-01-06 10:32:57,button,"""检索""",S_10
2023-01-05 16:50:52,filed,CRISPR-Cas检测系统在食品供应链中安全防控的应用研究进展,S_48
2023-01-02 12:30:13,button,基于RPA-LFD可视化快速检测肺炎克雷伯菌方法的建立及评价,S_16
2023-01-02 11:12:00,filed,"""检索""",S_28
2023-01-04 02:12:08,filed," ""RPA+AI在企业财务领域应用研究及实践""",S_10
2023-01-04 16:10:00,button,基于RPA-LFD可视化快速检测肺炎克雷伯菌方法的建立及评价,S_12
2023-01-06 01:25:12,filed,基于CRISPR/Cas12a系统联合重组酶聚合酶扩增的鸭星状病毒2型核酸检测试纸条的制备,S_35
2023-01-05 11:04:40,button," ""基因编辑水稻RPA-CRISPR/Cas12b快速检测方法的建立""",S_32
2023-01-07 08:28:55,filed,热带水产品中溶藻弧菌重组酶聚合酶等温扩增快速检测方法的建立,S_45
2023-01-01 20:36:42,filed," ""RPA+AI在企业财务领域应用研究及实践""",S_21
2023-01-05 23:12:18,filed," ""基因编辑水稻RPA-CRISPR/Cas12b快速检测方法的建立""",S_34
2023-01-04 17:12:16,filed,热带水产品中溶藻弧菌重组酶聚合酶等温扩增快速检测方法的建立,S_24
2023-01-04 11:05:51,filed,"""检索""",S_3
2023-01-04 00:56:10,button,"""检索""",S_18
2023-01-06 19:37:28,filed," ""RPA+AI在企业财务领域应用研究及实践""",S_22
2023-01-07 14:55:48,button,"""PDF下载""",S_44
2023-01-06 00:26:08,button,CRISPR-Cas检测系统在食品供应链中安全防控的应用研究进展,S_14
2023-01-05 04:48:02,button,基于RPA-LFD可视化快速检测肺炎克雷伯菌方法的建立及评价,S_14
2023-01-06 12:35:00,button," ""基因编辑水稻RPA-CRISPR/Cas12b快速检测方法的建立""",S_15
2023-01-04 17:52:32,button,CRISPR-Cas检测系统在食品供应链中安全防控的应用研究进展,S_38
2023-01-07 01:03:05,filed,基于RPA-LFD可视化快速检测肺炎克雷伯菌方法的建立及评价,S_6
2023-01-05 06:16:06,button,"""PDF下载""",S_31
2023-01-04 11:03:24,button," ""RPA+AI在企业财务领域应用研究及实践""",S_42
2023-01-07 04:44:20,filed,"""检索""",S_46
2023-01-02 10:42:18,filed,基于CRISPR/Cas12a系统联合重组酶聚合酶扩增的鸭星状病毒2型核酸检测试纸条的制备,S_35
2023-01-03 13:11:30,button,基于CRISPR/Cas12a系统联合重组酶聚合酶扩增的鸭星状病毒2型核酸检测试纸条的制备,S_23
2023-01-03 18:09:39,filed," ""基因编辑水稻RPA-CRISPR/Cas12b快速检测方法的建立""",S_6
2023-01-04 19:38:24,button," ""RPA+AI在企业财务领域应用研究及实践""",S_11
2023-01-01 16:12:30,button,CRISPR-Cas检测系统在食品供应链中安全防控的应用研究进展,S_36
2023-01-06 19:44:26,button,CRISPR-Cas检测系统在食品供应链中安全防控的应用研究进展,S_33
2023-01-01 13:12:33,filed,热带水产品中溶藻弧菌重组酶聚合酶等温扩增快速检测方法的建立,S_13
2023-01-06 07:06:32,filed,CRISPR-Cas检测系统在食品供应链中安全防控的应用研究进展,S_5
2023-01-05 07:36:12,button,热带水产品中溶藻弧菌重组酶聚合酶等温扩增快速检测方法的建立,S_48
2023-01-03 21:03:00,filed,CRISPR-Cas检测系统在食品供应链中安全防控的应用研究进展,S_37
2023-01-07 15:57:12,button," ""基因编辑水稻RPA-CRISPR/Cas12b快速检测方法的建立""",S_50
2023-01-04 01:01:52,filed,"""搜索""",S_6
2023-01-03 19:01:42,filed," ""RPA+AI在企业财务领域应用研究及实践""",S_26
2023-01-07 14:12:16,filed,"""PDF下载""",S_11
2023-01-03 05:52:50,filed,"""搜索""",S_44
2023-01-07 01:46:48,button,基于CRISPR/Cas12a系统联合重组酶聚合酶扩增的鸭星状病毒2型核酸检测试纸条的制备,S_1
2023-01-06 23:42:10,filed,基于RPA-LFD可视化快速检测肺炎克雷伯菌方法的建立及评价,S_25
2023-01-03 23:29:02,button,CRISPR-Cas检测系统在食品供应链中安全防控的应用研究进展,S_35
2023-01-06 10:06:00,button," ""RPA+AI在企业财务领域应用研究及实践""",S_38
